,收益
"[80, 3.5],10T,",3.522658874629605
"[80, 4],10T,",3.384342505822035
"[50, 3.5],15T,",3.30278458675745
"[30, 3.5],30T,",3.277885753937441
"[150, 3],5T,",3.1466478402792415
"[50, 3],10T,",3.1078048561769833
"[30, 3],30T,",3.1033745133944515
"[160, 3.5],5T,",3.064531801391788
"[30, 3.5],25T,",3.0491285268468618
"[110, 3.5],5T,",3.0083698478156724
"[30, 4],25T,",3.0024464039818506
"[150, 3.5],5T,",2.9986735844897607
"[100, 3.5],5T,",2.9262901977685583
"[30, 4],30T,",2.921453072420337
"[50, 4],15T,",2.8765954296123417
"[40, 4],15T,",2.867441817176851
"[100, 2.5],5T,",2.8401103903467657
"[90, 3],5T,",2.7780921014807554
"[70, 4],10T,",2.7407903372467013
"[50, 2.5],10T,",2.675890614192711
"[40, 3],25T,",2.644704064375277
"[80, 4],5T,",2.638734483320727
"[20, 3.5],30T,",2.629113492848057
"[30, 4],20T,",2.5964723216172825
"[70, 3.5],10T,",2.593057072009407
"[40, 3],15T,",2.5794013303394703
"[150, 4],5T,",2.5771412022092504
"[40, 3.5],20T,",2.5548957825545213
"[20, 2],30T,",2.517352326545853
"[120, 4],5T,",2.5037835910927977
"[130, 4],5T,",2.494296906189329
"[140, 4],5T,",2.4848492842513754
"[100, 3],5T,",2.473055738508395
"[110, 2.5],5T,",2.446446514564813
"[60, 3],10T,",2.444240781694977
"[110, 4],5T,",2.442435421776946
"[160, 4],5T,",2.4289881389780645
"[40, 3.5],10T,",2.4262751011307877
"[140, 3.5],5T,",2.3662189243110796
"[70, 2.5],10T,",2.3347143506299015
"[20, 3],30T,",2.333063371263159
"[130, 3.5],5T,",2.330310332466526
"[50, 3.5],10T,",2.302649924214202
"[110, 3],5T,",2.2884019494552574
"[120, 3.5],5T,",2.2734609456599215
"[20, 2.5],30T,",2.2620507863880386
"[170, 3.5],5T,",2.2152216855073954
"[80, 3],10T,",2.2121792200292627
"[120, 2.5],5T,",2.144136382621423
"[130, 2.5],5T,",2.1428524480885947
"[130, 3],5T,",2.1077756842306488
"[90, 3.5],5T,",2.103385318002418
"[120, 3],5T,",2.0992543091290212
"[50, 4],10T,",2.094069531307078
"[40, 3.5],15T,",2.0620919022839224
"[170, 3],5T,",2.0504831285785
"[40, 4],20T,",1.9929427886495739
"[100, 4],5T,",1.991897726112509
"[80, 3.5],5T,",1.9766160812481344
"[30, 3.5],15T,",1.9616531461324527
"[30, 3],20T,",1.922110604118518
"[40, 4],10T,",1.8762484737154947
"[60, 2.5],10T,",1.8715529537799682
"[20, 3.5],25T,",1.8491009431931038
"[60, 4],10T,",1.8413687751234649
"[40, 2.5],15T,",1.8351114994270907
"[40, 4],25T,",1.8290498202774372
"[60, 3.5],10T,",1.8173881200265147
"[90, 2.5],5T,",1.8152395312296603
"[70, 3],10T,",1.8014296413576438
"[80, 3],5T,",1.7932980681449633
"[20, 4],25T,",1.7831801669691936
"[100, 2],5T,",1.775072905531108
"[180, 3.5],5T,",1.773260107089551
"[170, 4],5T,",1.765937051674831
"[30, 2.5],30T,",1.756014295730457
"[50, 4],25T,",1.7541502171599812
"[20, 3],25T,",1.7375619802468738
"[140, 2.5],5T,",1.7282506041445551
"[40, 3],10T,",1.7137682987627203
"[30, 3],25T,",1.6927196549791605
"[170, 2.5],5T,",1.6874920348716627
"[90, 4],5T,",1.6787809911090568
"[140, 3],5T,",1.6520501043341094
"[110, 2],5T,",1.6439047567934597
"[70, 4],5T,",1.6399664524006903
"[160, 3],5T,",1.6369588358295408
"[50, 2.5],15T,",1.6300016078351802
"[60, 3],15T,",1.6126860631198643
"[60, 3.5],5T,",1.5864475581435422
"[90, 3],10T,",1.576011702945082
"[30, 3],10T,",1.5688009313029478
"[50, 2],10T,",1.5568121649999487
"[50, 3],15T,",1.5339997983563074
"[50, 2],15T,",1.5291525685992802
"[80, 2.5],10T,",1.502243846067513
"[130, 2],5T,",1.4872032704520324
"[150, 2.5],5T,",1.4718455831374624
"[20, 4],30T,",1.4528532716468303
"[60, 4],5T,",1.4432685317581486
"[190, 3.5],5T,",1.4295580746581151
"[70, 3],15T,",1.4209753166851964
"[80, 2.5],5T,",1.4183504982491235
"[50, 4],20T,",1.4124257846626551
"[140, 2],5T,",1.4091049925134451
"[30, 3],15T,",1.3937300825797574
"[70, 2],10T,",1.3935298802309044
"[20, 3.5],20T,",1.3882405014385895
"[60, 2.5],15T,",1.3854787169402467
"[50, 4],5T,",1.3640093740510042
"[90, 3.5],10T,",1.354527077165066
"[160, 2.5],5T,",1.352043785886929
"[70, 2.5],5T,",1.3506235909234636
"[150, 2],5T,",1.3473377178165182
"[30, 2.5],20T,",1.342484314826977
"[30, 3.5],20T,",1.3405490150997066
"[60, 3.5],15T,",1.3380674574996487
"[50, 3.5],5T,",1.3361727841714237
"[60, 3],5T,",1.323196483200333
"[300, 3.5],5T,",1.3101897796356294
"[310, 3.5],5T,",1.3101897796356294
"[150, 3.5],10T,",1.3010783869949882
"[160, 3.5],10T,",1.3010783869949882
"[70, 3],5T,",1.297792620722788
"[320, 3.5],5T,",1.2972911400643767
"[100, 3.5],10T,",1.287732545973637
"[90, 3],20T,",1.2871918339582518
"[90, 3.5],20T,",1.2871918339582518
"[70, 3.5],25T,",1.283042268217773
"[80, 3.5],20T,",1.283042268217772
"[20, 4],20T,",1.2776631293194753
"[330, 3.5],5T,",1.27757435243755
"[70, 2],5T,",1.2763319481855768
"[170, 3.5],10T,",1.274716207511846
"[110, 3.5],15T,",1.273163320824253
"[200, 3.5],5T,",1.2721754531253626
"[90, 2.5],10T,",1.2681963424165665
"[60, 4],25T,",1.2570349146918225
"[390, 3.5],5T,",1.2548297706450549
"[200, 3.5],10T,",1.2531265781812633
"[40, 2],15T,",1.2512904144184631
"[100, 4],10T,",1.2467233701370195
"[120, 3.5],15T,",1.241627802832723
"[120, 3],15T,",1.241627802832723
"[400, 3.5],5T,",1.2406608472194538
"[50, 2.5],20T,",1.2398414944409675
"[50, 4],30T,",1.2347994007715455
"[70, 3.5],5T,",1.2336160117527
"[50, 3],20T,",1.2295881512392168
"[80, 4],15T,",1.2270951487996116
"[140, 3.5],15T,",1.226240333893529
"[380, 3.5],5T,",1.2178869037392677
"[30, 2.5],25T,",1.217445994700085
"[20, 3.5],15T,",1.2157605366878839
"[210, 3.5],10T,",1.2135481306071634
"[180, 2.5],5T,",1.2111576798529007
"[190, 4],5T,",1.2086774542828074
"[100, 3],20T,",1.205526074871324
"[210, 3.5],5T,",1.204142858383324
"[200, 4],5T,",1.2038197591277016
"[20, 2.5],25T,",1.1967722122923339
"[40, 2],20T,",1.195435068422619
"[150, 3.5],15T,",1.1897020238754215
"[30, 3.5],5T,",1.1848693350832038
"[40, 3.5],25T,",1.1829226835255997
"[20, 3],20T,",1.177433729135568
"[150, 1.5],5T,",1.1709462997858264
"[40, 2.5],10T,",1.1677796078361986
"[30, 2],25T,",1.1653934114403763
"[40, 4],30T,",1.1569113319744566
"[30, 4],5T,",1.1557760007071634
"[50, 3.5],20T,",1.1534168433658583
"[170, 2],5T,",1.1513781669088747
"[180, 4],5T,",1.1511028905103946
"[30, 3.5],10T,",1.146072979014027
"[50, 3],5T,",1.138691392368942
"[190, 3],5T,",1.1321783773005214
"[40, 3],20T,",1.1310275763970794
"[90, 4],10T,",1.1284683525186163
"[190, 2],5T,",1.128001547457085
"[290, 3.5],5T,",1.1272561180192953
"[280, 3.5],5T,",1.1272561180192953
"[30, 4],15T,",1.1237301530442658
"[110, 3.5],10T,",1.123661518385054
"[70, 3.5],15T,",1.1202202150359082
"[60, 4],20T,",1.1172986335651325
"[60, 4],15T,",1.1157051570764762
"[180, 3],5T,",1.1108727609215012
"[210, 4],5T,",1.1100835891438297
"[30, 4],10T,",1.1093813668895165
"[260, 4],5T,",1.1062392459374708
"[130, 4],10T,",1.1050225303063776
"[70, 3],30T,",1.0917116906819349
"[20, 1.5],30T,",1.0913023782808464
"[70, 4],20T,",1.0881813633579664
"[70, 4],15T,",1.086861719736267
"[40, 2.5],25T,",1.0843491756579782
"[90, 4],15T,",1.0813139072426257
"[270, 3.5],5T,",1.0796343886184903
"[100, 3],10T,",1.076549310339541
"[20, 3],15T,",1.0694599891901002
"[60, 2],10T,",1.0650726681794074
"[100, 3.5],15T,",1.0636773044834429
"[100, 2],10T,",1.0580041317719955
"[30, 2],30T,",1.0564477100471175
"[40, 3.5],5T,",1.055723482123472
"[80, 2],5T,",1.0550627991165649
"[40, 4],5T,",1.047537872397287
"[40, 2],10T,",1.0446548122611037
"[30, 2.5],15T,",1.0414773971926534
"[200, 3],10T,",1.0398724481651025
"[210, 2],5T,",1.039513055320489
"[270, 4],5T,",1.0327362283587989
"[140, 4],10T,",1.031737709075629
"[400, 3],5T,",1.0295281059421177
"[390, 2],5T,",1.0267631599211386
"[410, 3],5T,",1.0187854558961047
"[410, 3.5],5T,",1.018696624621527
"[140, 3],15T,",1.0175616416143172
"[400, 2],5T,",1.0166502592548912
"[220, 3.5],5T,",1.0133325360506058
"[80, 2],10T,",1.012128734729916
"[410, 2],5T,",1.0073221043206984
"[210, 3],10T,",1.0070293675936366
"[110, 4],30T,",1.0
"[450, 4],30T,",1.0
"[320, 4],30T,",1.0
"[480, 4],25T,",1.0
"[150, 4],30T,",1.0
"[420, 4],30T,",1.0
"[230, 4],30T,",1.0
"[190, 4],30T,",1.0
"[270, 4],30T,",1.0
"[280, 4],30T,",1.0
"[220, 4],30T,",1.0
"[180, 4],30T,",1.0
"[260, 4],30T,",1.0
"[310, 4],30T,",1.0
"[250, 4],30T,",1.0
"[440, 4],30T,",1.0
"[170, 4],30T,",1.0
"[160, 4],30T,",1.0
"[290, 4],30T,",1.0
"[430, 4],30T,",1.0
"[130, 4],30T,",1.0
"[200, 4],30T,",1.0
"[120, 4],30T,",1.0
"[240, 4],30T,",1.0
"[300, 4],30T,",1.0
"[330, 4],30T,",1.0
"[100, 4],30T,",1.0
"[140, 4],30T,",1.0
"[210, 4],30T,",1.0
"[490, 4],30T,",1.0
"[180, 4],25T,",1.0
"[250, 4],25T,",1.0
"[400, 4],30T,",1.0
"[410, 4],25T,",1.0
"[220, 4],25T,",1.0
"[470, 4],30T,",1.0
"[400, 4],25T,",1.0
"[490, 4],25T,",1.0
"[390, 4],25T,",1.0
"[410, 4],30T,",1.0
"[230, 4],25T,",1.0
"[380, 4],25T,",1.0
"[370, 4],25T,",1.0
"[240, 4],25T,",1.0
"[360, 4],25T,",1.0
"[420, 4],25T,",1.0
"[340, 4],30T,",1.0
"[260, 4],25T,",1.0
"[350, 4],25T,",1.0
"[350, 4],30T,",1.0
"[270, 4],25T,",1.0
"[340, 4],25T,",1.0
"[330, 4],25T,",1.0
"[320, 4],25T,",1.0
"[310, 4],25T,",1.0
"[300, 4],25T,",1.0
"[280, 4],25T,",1.0
"[290, 4],25T,",1.0
"[370, 4],30T,",1.0
"[360, 4],30T,",1.0
"[430, 4],25T,",1.0
"[170, 4],25T,",1.0
"[470, 4],25T,",1.0
"[130, 4],25T,",1.0
"[120, 4],25T,",1.0
"[140, 4],25T,",1.0
"[150, 4],25T,",1.0
"[160, 4],25T,",1.0
"[210, 4],25T,",1.0
"[380, 4],30T,",1.0
"[190, 4],25T,",1.0
"[460, 4],25T,",1.0
"[460, 4],30T,",1.0
"[200, 4],25T,",1.0
"[450, 4],25T,",1.0
"[440, 4],25T,",1.0
"[480, 4],30T,",1.0
"[390, 4],30T,",1.0
"[100, 1.5],5T,",0.9999836401117287
"[190, 3],10T,",0.9972844979493111
"[220, 3],5T,",0.9950641085580475
"[120, 3],10T,",0.9946334683670619
"[90, 2],10T,",0.99459996912548
"[20, 4],15T,",0.9935173261918788
"[130, 3],15T,",0.9924463539259248
"[110, 3],20T,",0.9905499020353399
"[150, 3],15T,",0.9872413351489551
"[100, 2.5],10T,",0.9871404138970356
"[90, 3],25T,",0.9861571968775283
"[80, 4],25T,",0.9831246883216022
"[90, 2],5T,",0.9824892519520896
"[180, 2],5T,",0.9689129120929395
"[90, 4],25T,",0.9665181579170554
"[200, 3],5T,",0.9661477837046065
"[70, 4],30T,",0.9657343338954474
"[30, 2],20T,",0.9642946859226581
"[120, 4],10T,",0.9519682811260048
"[40, 2],25T,",0.951421238890868
"[230, 4],5T,",0.9449665669705822
"[240, 4],5T,",0.9449665669705822
"[220, 4],5T,",0.9449665669705822
"[240, 2],25T,",0.9405020637517852
"[230, 2],25T,",0.9405020637517852
"[50, 3.5],25T,",0.9319994867209093
"[110, 1.5],5T,",0.930478006856599
"[80, 3],25T,",0.9286777564293364
"[250, 2],25T,",0.9281413364469501
"[210, 2],10T,",0.9275218564578338
"[80, 4],30T,",0.9253935919055658
"[280, 2],25T,",0.9248093143039073
"[330, 2],20T,",0.9233838541847186
"[110, 4],10T,",0.9226498538999534
"[340, 3],5T,",0.9132661801098396
"[300, 2],20T,",0.9124373250301593
"[380, 2],15T,",0.9121348962264465
"[420, 2],15T,",0.9088569746428886
"[230, 3],5T,",0.9082962728660334
"[210, 3],5T,",0.9070197590827462
"[20, 4],10T,",0.9065952506600875
"[20, 3],10T,",0.9049611077332619
"[270, 2],20T,",0.9047274699664877
"[290, 2],20T,",0.9047274699664877
"[260, 2],20T,",0.9047274699664877
"[280, 2],20T,",0.9047274699664877
"[120, 2],5T,",0.8971548076418009
"[200, 2.5],5T,",0.8966549433451999
"[360, 3],5T,",0.8950150284229589
"[350, 3],5T,",0.8950150284229589
"[260, 3],5T,",0.8944265696595921
"[390, 3],5T,",0.8918584654787364
"[350, 2],15T,",0.891133785491164
"[360, 2],15T,",0.891133785491164
"[340, 2],15T,",0.891133785491164
"[370, 2],15T,",0.891133785491164
"[330, 2],15T,",0.891133785491164
"[280, 4],5T,",0.8901951572975465
"[290, 4],5T,",0.8901951572975465
"[150, 4],10T,",0.889619776303929
"[320, 3],5T,",0.8885879787134684
"[330, 3],5T,",0.8801736865077773
"[470, 2],10T,",0.8793562388209497
"[490, 2],10T,",0.8793562388209497
"[480, 2],10T,",0.8793562388209497
"[90, 3.5],15T,",0.8792391012694504
"[80, 4],20T,",0.875637601056569
"[370, 3],5T,",0.8745294327889325
"[260, 2],25T,",0.8722851803071283
"[270, 2],25T,",0.8722851803071283
"[20, 3.5],10T,",0.871422382470127
"[320, 2],20T,",0.8709406785618975
"[310, 2],20T,",0.8709406785618975
"[100, 4],15T,",0.8705326904138351
"[380, 3],5T,",0.8695218193651438
"[130, 1.5],5T,",0.8691434241422128
"[80, 3.5],15T,",0.8691063483833328
"[240, 3],5T,",0.8676559648778268
"[450, 4],10T,",0.8663659243185197
"[350, 4],10T,",0.8663659243185197
"[490, 3],10T,",0.8663659243185197
"[350, 3.5],10T,",0.8663659243185197
"[460, 3],10T,",0.8663659243185197
"[490, 3.5],10T,",0.8663659243185197
"[340, 4],10T,",0.8663659243185197
"[340, 3.5],10T,",0.8663659243185197
"[330, 4],10T,",0.8663659243185197
"[250, 4],10T,",0.8663659243185197
"[490, 4],10T,",0.8663659243185197
"[330, 3.5],10T,",0.8663659243185197
"[320, 4],10T,",0.8663659243185197
"[460, 3.5],10T,",0.8663659243185197
"[460, 4],10T,",0.8663659243185197
"[310, 4],10T,",0.8663659243185197
"[360, 3.5],10T,",0.8663659243185197
"[430, 3.5],10T,",0.8663659243185197
"[360, 4],10T,",0.8663659243185197
"[480, 3],10T,",0.8663659243185197
"[470, 3.5],10T,",0.8663659243185197
"[420, 4],10T,",0.8663659243185197
"[470, 4],10T,",0.8663659243185197
"[430, 4],10T,",0.8663659243185197
"[420, 3.5],10T,",0.8663659243185197
"[470, 3],10T,",0.8663659243185197
"[410, 4],10T,",0.8663659243185197
"[410, 3.5],10T,",0.8663659243185197
"[400, 4],10T,",0.8663659243185197
"[440, 3.5],10T,",0.8663659243185197
"[370, 3.5],10T,",0.8663659243185197
"[390, 4],10T,",0.8663659243185197
"[440, 4],10T,",0.8663659243185197
"[480, 3.5],10T,",0.8663659243185197
"[390, 3.5],10T,",0.8663659243185197
"[480, 4],10T,",0.8663659243185197
"[380, 4],10T,",0.8663659243185197
"[450, 3.5],10T,",0.8663659243185197
"[380, 3.5],10T,",0.8663659243185197
"[370, 4],10T,",0.8663659243185197
"[400, 3.5],10T,",0.8663659243185197
"[270, 4],10T,",0.8663659243185197
"[260, 4],10T,",0.8663659243185197
"[250, 3],5T,",0.8661625649197631
"[140, 4],20T,",0.8656731413261892
"[380, 4],20T,",0.8656731413261892
"[410, 4],20T,",0.8656731413261892
"[410, 3.5],20T,",0.8656731413261892
"[410, 3],20T,",0.8656731413261892
"[400, 4],20T,",0.8656731413261892
"[400, 3.5],20T,",0.8656731413261892
"[390, 4],20T,",0.8656731413261892
"[390, 3.5],20T,",0.8656731413261892
"[390, 3],20T,",0.8656731413261892
"[380, 3.5],20T,",0.8656731413261892
"[420, 3.5],20T,",0.8656731413261892
"[380, 3],20T,",0.8656731413261892
"[370, 4],20T,",0.8656731413261892
"[370, 3.5],20T,",0.8656731413261892
"[370, 3],20T,",0.8656731413261892
"[360, 4],20T,",0.8656731413261892
"[360, 3.5],20T,",0.8656731413261892
"[360, 3],20T,",0.8656731413261892
"[350, 4],20T,",0.8656731413261892
"[350, 3.5],20T,",0.8656731413261892
"[420, 3],20T,",0.8656731413261892
"[420, 4],20T,",0.8656731413261892
"[340, 4],20T,",0.8656731413261892
"[460, 4],20T,",0.8656731413261892
"[490, 4],20T,",0.8656731413261892
"[490, 3.5],20T,",0.8656731413261892
"[490, 3],20T,",0.8656731413261892
"[480, 4],20T,",0.8656731413261892
"[480, 3.5],20T,",0.8656731413261892
"[480, 3],20T,",0.8656731413261892
"[470, 4],20T,",0.8656731413261892
"[470, 3.5],20T,",0.8656731413261892
"[470, 3],20T,",0.8656731413261892
"[460, 3.5],20T,",0.8656731413261892
"[430, 3],20T,",0.8656731413261892
"[460, 3],20T,",0.8656731413261892
"[450, 4],20T,",0.8656731413261892
"[150, 4],20T,",0.8656731413261892
"[450, 3],20T,",0.8656731413261892
"[440, 4],20T,",0.8656731413261892
"[440, 3.5],20T,",0.8656731413261892
"[440, 3],20T,",0.8656731413261892
"[430, 4],20T,",0.8656731413261892
"[430, 3.5],20T,",0.8656731413261892
"[350, 3],20T,",0.8656731413261892
"[450, 3.5],20T,",0.8656731413261892
"[340, 3.5],20T,",0.8656731413261892
"[260, 3.5],20T,",0.8656731413261892
"[250, 4],20T,",0.8656731413261892
"[250, 3.5],20T,",0.8656731413261892
"[250, 3],20T,",0.8656731413261892
"[240, 4],20T,",0.8656731413261892
"[240, 3.5],20T,",0.8656731413261892
"[240, 3],20T,",0.8656731413261892
"[230, 4],20T,",0.8656731413261892
"[230, 3.5],20T,",0.8656731413261892
"[220, 4],20T,",0.8656731413261892
"[220, 3.5],20T,",0.8656731413261892
"[210, 4],20T,",0.8656731413261892
"[210, 3.5],20T,",0.8656731413261892
"[200, 4],20T,",0.8656731413261892
"[200, 3.5],20T,",0.8656731413261892
"[190, 4],20T,",0.8656731413261892
"[190, 3.5],20T,",0.8656731413261892
"[180, 4],20T,",0.8656731413261892
"[180, 3.5],20T,",0.8656731413261892
"[170, 4],20T,",0.8656731413261892
"[340, 3],20T,",0.8656731413261892
"[160, 4],20T,",0.8656731413261892
"[260, 3],20T,",0.8656731413261892
"[400, 3],20T,",0.8656731413261892
"[260, 4],20T,",0.8656731413261892
"[300, 4],20T,",0.8656731413261892
"[330, 4],20T,",0.8656731413261892
"[330, 3.5],20T,",0.8656731413261892
"[270, 3],20T,",0.8656731413261892
"[330, 3],20T,",0.8656731413261892
"[320, 3.5],20T,",0.8656731413261892
"[320, 3],20T,",0.8656731413261892
"[310, 4],20T,",0.8656731413261892
"[310, 3.5],20T,",0.8656731413261892
"[310, 3],20T,",0.8656731413261892
"[320, 4],20T,",0.8656731413261892
"[300, 3.5],20T,",0.8656731413261892
"[290, 4],20T,",0.8656731413261892
"[290, 3.5],20T,",0.8656731413261892
"[290, 3],20T,",0.8656731413261892
"[280, 4],20T,",0.8656731413261892
"[280, 3.5],20T,",0.8656731413261892
"[270, 3.5],20T,",0.8656731413261892
"[270, 4],20T,",0.8656731413261892
"[300, 3],20T,",0.8656731413261892
"[280, 3],20T,",0.8656731413261892
"[380, 3.5],25T,",0.865673141326189
"[400, 3.5],25T,",0.865673141326189
"[400, 3],25T,",0.865673141326189
"[390, 3.5],25T,",0.865673141326189
"[390, 3],25T,",0.865673141326189
"[370, 3],25T,",0.865673141326189
"[380, 3],25T,",0.865673141326189
"[370, 3.5],25T,",0.865673141326189
"[360, 3.5],25T,",0.865673141326189
"[360, 3],25T,",0.865673141326189
"[350, 3.5],25T,",0.865673141326189
"[350, 3],25T,",0.865673141326189
"[410, 3],25T,",0.865673141326189
"[490, 3.5],25T,",0.865673141326189
"[450, 3],25T,",0.865673141326189
"[410, 3.5],25T,",0.865673141326189
"[490, 3],25T,",0.865673141326189
"[420, 3],25T,",0.865673141326189
"[420, 3.5],25T,",0.865673141326189
"[430, 3],25T,",0.865673141326189
"[430, 3.5],25T,",0.865673141326189
"[440, 3],25T,",0.865673141326189
"[440, 3.5],25T,",0.865673141326189
"[340, 3],25T,",0.865673141326189
"[450, 3.5],25T,",0.865673141326189
"[460, 3],25T,",0.865673141326189
"[460, 3.5],25T,",0.865673141326189
"[470, 3],25T,",0.865673141326189
"[470, 3.5],25T,",0.865673141326189
"[480, 3],25T,",0.865673141326189
"[340, 3.5],25T,",0.865673141326189
"[280, 3.5],25T,",0.865673141326189
"[330, 3.5],25T,",0.865673141326189
"[330, 3],25T,",0.865673141326189
"[150, 3.5],25T,",0.865673141326189
"[160, 3.5],25T,",0.865673141326189
"[170, 3.5],25T,",0.865673141326189
"[180, 3.5],25T,",0.865673141326189
"[190, 3.5],25T,",0.865673141326189
"[200, 3],25T,",0.865673141326189
"[200, 3.5],25T,",0.865673141326189
"[210, 3],25T,",0.865673141326189
"[210, 3.5],25T,",0.865673141326189
"[220, 3],25T,",0.865673141326189
"[230, 3],25T,",0.865673141326189
"[230, 3.5],25T,",0.865673141326189
"[240, 3],25T,",0.865673141326189
"[240, 3.5],25T,",0.865673141326189
"[250, 3],25T,",0.865673141326189
"[250, 3.5],25T,",0.865673141326189
"[260, 3],25T,",0.865673141326189
"[260, 3.5],25T,",0.865673141326189
"[270, 3],25T,",0.865673141326189
"[270, 3.5],25T,",0.865673141326189
"[280, 3],25T,",0.865673141326189
"[290, 3],25T,",0.865673141326189
"[290, 3.5],25T,",0.865673141326189
"[300, 3],25T,",0.865673141326189
"[300, 3.5],25T,",0.865673141326189
"[310, 3],25T,",0.865673141326189
"[310, 3.5],25T,",0.865673141326189
"[320, 3],25T,",0.865673141326189
"[320, 3.5],25T,",0.865673141326189
"[220, 3.5],25T,",0.865673141326189
"[480, 3.5],25T,",0.865673141326189
"[70, 3],25T,",0.864981056191477
"[190, 2.5],5T,",0.8631477159923137
"[340, 4],15T,",0.8606263228399189
"[360, 4],15T,",0.8606263228399189
"[380, 3.5],15T,",0.8606263228399189
"[380, 3],15T,",0.8606263228399189
"[470, 3.5],15T,",0.8606263228399189
"[470, 4],15T,",0.8606263228399189
"[370, 4],15T,",0.8606263228399189
"[370, 3.5],15T,",0.8606263228399189
"[480, 3.5],15T,",0.8606263228399189
"[480, 4],15T,",0.8606263228399189
"[370, 3],15T,",0.8606263228399189
"[490, 3.5],15T,",0.8606263228399189
"[460, 4],15T,",0.8606263228399189
"[490, 4],15T,",0.8606263228399189
"[360, 3.5],15T,",0.8606263228399189
"[360, 3],15T,",0.8606263228399189
"[350, 4],15T,",0.8606263228399189
"[350, 3.5],15T,",0.8606263228399189
"[350, 3],15T,",0.8606263228399189
"[430, 3],15T,",0.8606263228399189
"[340, 3.5],15T,",0.8606263228399189
"[380, 4],15T,",0.8606263228399189
"[460, 3.5],15T,",0.8606263228399189
"[330, 4],15T,",0.8606263228399189
"[410, 3],15T,",0.8606263228399189
"[430, 4],15T,",0.8606263228399189
"[420, 4],15T,",0.8606263228399189
"[420, 3.5],15T,",0.8606263228399189
"[420, 3],15T,",0.8606263228399189
"[410, 4],15T,",0.8606263228399189
"[410, 3.5],15T,",0.8606263228399189
"[440, 3],15T,",0.8606263228399189
"[440, 3.5],15T,",0.8606263228399189
"[440, 4],15T,",0.8606263228399189
"[390, 3],15T,",0.8606263228399189
"[400, 4],15T,",0.8606263228399189
"[400, 3.5],15T,",0.8606263228399189
"[450, 3],15T,",0.8606263228399189
"[450, 3.5],15T,",0.8606263228399189
"[400, 3],15T,",0.8606263228399189
"[450, 4],15T,",0.8606263228399189
"[390, 4],15T,",0.8606263228399189
"[390, 3.5],15T,",0.8606263228399189
"[340, 3],15T,",0.8606263228399189
"[430, 3.5],15T,",0.8606263228399189
"[230, 4],15T,",0.8606263228399189
"[290, 4],15T,",0.8606263228399189
"[250, 3.5],15T,",0.8606263228399189
"[250, 4],15T,",0.8606263228399189
"[260, 3.5],15T,",0.8606263228399189
"[330, 3.5],15T,",0.8606263228399189
"[260, 4],15T,",0.8606263228399189
"[270, 3.5],15T,",0.8606263228399189
"[270, 4],15T,",0.8606263228399189
"[210, 4],15T,",0.8606263228399189
"[280, 3.5],15T,",0.8606263228399189
"[280, 4],15T,",0.8606263228399189
"[290, 3.5],15T,",0.8606263228399189
"[240, 4],15T,",0.8606263228399189
"[200, 4],15T,",0.8606263228399189
"[230, 3.5],15T,",0.8606263228399189
"[300, 3.5],15T,",0.8606263228399189
"[330, 3],15T,",0.8606263228399189
"[170, 4],15T,",0.8606263228399189
"[320, 4],15T,",0.8606263228399189
"[320, 3.5],15T,",0.8606263228399189
"[320, 3],15T,",0.8606263228399189
"[180, 4],15T,",0.8606263228399189
"[220, 4],15T,",0.8606263228399189
"[190, 4],15T,",0.8606263228399189
"[310, 4],15T,",0.8606263228399189
"[310, 3.5],15T,",0.8606263228399189
"[240, 3.5],15T,",0.8606263228399189
"[300, 4],15T,",0.8606263228399189
"[410, 2],15T,",0.8571856516160499
"[400, 2],15T,",0.8571856516160499
"[390, 2],15T,",0.8571856516160499
"[310, 2.5],5T,",0.8564412655655784
"[60, 2],20T,",0.855509664367135
"[180, 4],10T,",0.8517457293181016
"[170, 4],10T,",0.8517457293181016
"[90, 4],20T,",0.851064637254691
"[100, 4],20T,",0.851064637254691
"[80, 3],30T,",0.8500812334362109
"[210, 2.5],5T,",0.8487041970592375
"[60, 3.5],20T,",0.847491025674465
"[320, 4],5T,",0.8472347167241651
"[330, 4],5T,",0.8472347167241651
"[340, 4],5T,",0.8472347167241651
"[350, 4],5T,",0.8472347167241651
"[360, 4],5T,",0.8472347167241651
"[250, 4],5T,",0.8469748497589025
"[120, 4],15T,",0.8461029854033613
"[130, 4],15T,",0.8461029854033613
"[210, 2],30T,",0.8456845266524695
"[400, 3],10T,",0.8448252396670508
"[390, 3],10T,",0.8448252396670508
"[240, 2],30T,",0.8426485239897484
"[370, 4],5T,",0.8419272694453035
"[60, 2],15T,",0.8412371292259074
"[40, 3],30T,",0.8411074965922919
"[220, 3],20T,",0.8396557438192063
"[190, 4],10T,",0.8375343890839686
"[200, 4],10T,",0.8373583972544427
"[180, 3],25T,",0.8372617059435968
"[380, 4],5T,",0.837106338167004
"[140, 3.5],10T,",0.8369600614192192
"[220, 2],30T,",0.8326590958736979
"[20, 2],20T,",0.8319433228506966
"[140, 4],15T,",0.831810968206167
"[90, 3],15T,",0.82859266910589
"[120, 3.5],10T,",0.8285720573269306
"[390, 4],5T,",0.8273760181557581
"[220, 2],25T,",0.8231605672089571
"[400, 4],5T,",0.8226401254514841
"[240, 3.5],5T,",0.8196701323899475
"[230, 3.5],5T,",0.8196701323899475
"[410, 4],5T,",0.8193263897828177
"[210, 4],10T,",0.818347878623652
"[60, 3.5],25T,",0.8178536200405809
"[70, 2],15T,",0.8177698025189264
"[60, 2.5],5T,",0.8168666079374264
"[110, 4],20T,",0.8159383802329057
"[20, 2.5],20T,",0.8145565934454625
"[150, 4],15T,",0.809651785579326
"[150, 2],15T,",0.8073381043828957
"[170, 3],10T,",0.8054579853966628
"[160, 2],5T,",0.8037808727119096
"[70, 4],25T,",0.8028404656388944
"[130, 3],10T,",0.7979071893297817
"[230, 2],30T,",0.7947906755644876
"[40, 2.5],20T,",0.7926916264321702
"[160, 3],10T,",0.7925039790924003
"[30, 2],15T,",0.7916973117230018
"[260, 2],10T,",0.7908395079659342
"[50, 2],20T,",0.7903300701424798
"[260, 3.5],30T,",0.7887660553517845
"[200, 3],30T,",0.7887660553517845
"[130, 3.5],30T,",0.7887660553517845
"[480, 3.5],30T,",0.7887660553517845
"[390, 3],30T,",0.7887660553517845
"[420, 3],30T,",0.7887660553517845
"[480, 3],30T,",0.7887660553517845
"[420, 3.5],30T,",0.7887660553517845
"[470, 3.5],30T,",0.7887660553517845
"[470, 3],30T,",0.7887660553517845
"[200, 3.5],30T,",0.7887660553517845
"[260, 3],30T,",0.7887660553517845
"[330, 3.5],30T,",0.7887660553517845
"[330, 3],30T,",0.7887660553517845
"[190, 3],30T,",0.7887660553517845
"[140, 3.5],30T,",0.7887660553517845
"[310, 3.5],30T,",0.7887660553517845
"[170, 3.5],30T,",0.7887660553517845
"[300, 3.5],30T,",0.7887660553517845
"[490, 3.5],30T,",0.7887660553517845
"[160, 3.5],30T,",0.7887660553517845
"[290, 3.5],30T,",0.7887660553517845
"[180, 3],30T,",0.7887660553517845
"[430, 3.5],30T,",0.7887660553517845
"[290, 3],30T,",0.7887660553517845
"[490, 3],30T,",0.7887660553517845
"[430, 3],30T,",0.7887660553517845
"[180, 3.5],30T,",0.7887660553517845
"[310, 3],30T,",0.7887660553517845
"[280, 3.5],30T,",0.7887660553517845
"[450, 3],30T,",0.7887660553517845
"[150, 3.5],30T,",0.7887660553517845
"[280, 3],30T,",0.7887660553517845
"[460, 3.5],30T,",0.7887660553517845
"[320, 3],30T,",0.7887660553517845
"[320, 3.5],30T,",0.7887660553517845
"[450, 3.5],30T,",0.7887660553517845
"[390, 3.5],30T,",0.7887660553517845
"[460, 3],30T,",0.7887660553517845
"[250, 3.5],30T,",0.7887660553517845
"[270, 3.5],30T,",0.7887660553517845
"[270, 3],30T,",0.7887660553517845
"[190, 3.5],30T,",0.7887660553517845
"[340, 3],30T,",0.7887660553517845
"[300, 3],30T,",0.7887660553517845
"[230, 3.5],30T,",0.7887660553517845
"[360, 3],30T,",0.7887660553517845
"[370, 3.5],30T,",0.7887660553517845
"[350, 3.5],30T,",0.7887660553517845
"[370, 3],30T,",0.7887660553517845
"[210, 3.5],30T,",0.7887660553517845
"[230, 3],30T,",0.7887660553517845
"[240, 3],30T,",0.7887660553517845
"[210, 3],30T,",0.7887660553517845
"[240, 3.5],30T,",0.7887660553517845
"[400, 3.5],30T,",0.7887660553517845
"[410, 3],30T,",0.7887660553517845
"[380, 3],30T,",0.7887660553517845
"[220, 3],30T,",0.7887660553517845
"[380, 3.5],30T,",0.7887660553517845
"[350, 3],30T,",0.7887660553517845
"[400, 3],30T,",0.7887660553517845
"[360, 3.5],30T,",0.7887660553517845
"[440, 3.5],30T,",0.7887660553517845
"[220, 3.5],30T,",0.7887660553517845
"[340, 3.5],30T,",0.7887660553517845
"[250, 3],30T,",0.7887660553517845
"[410, 3.5],30T,",0.7887660553517845
"[440, 3],30T,",0.7887660553517845
"[60, 4],30T,",0.7886391334874704
"[120, 2.5],10T,",0.780198808896787
"[50, 3],30T,",0.7798141193824043
"[140, 2],10T,",0.7790441314298702
"[260, 3.5],5T,",0.7788032072893214
"[200, 2],5T,",0.7777629399279854
"[340, 2],5T,",0.7766057704580838
"[180, 3],10T,",0.7759786740883927
"[60, 3],30T,",0.774351185120161
"[200, 2],15T,",0.7742006676521146
"[60, 3.5],30T,",0.7730046146220373
"[220, 2.5],5T,",0.7714734188724489
"[50, 3],25T,",0.7705333485520163
"[420, 2],5T,",0.7699160505754898
"[430, 2],5T,",0.7699160505754898
"[440, 2],5T,",0.7699160505754898
"[60, 3],20T,",0.7691933491874593
"[280, 2.5],5T,",0.7679465781807895
"[290, 2],5T,",0.7679465781807895
"[310, 2],5T,",0.7679465781807895
"[300, 2],5T,",0.7679465781807895
"[280, 2],10T,",0.7673472253714185
"[80, 3],15T,",0.766920269493703
"[290, 2.5],5T,",0.7658044953352805
"[230, 2.5],5T,",0.7656068128968385
"[410, 3],10T,",0.7645185291532536
"[440, 3],10T,",0.7645185291532536
"[430, 3],10T,",0.7645185291532536
"[420, 3],10T,",0.7645185291532536
"[190, 3],25T,",0.7639071876641076
"[230, 3],20T,",0.7639071876641074
"[450, 2],5T,",0.7633500654645629
"[140, 2.5],10T,",0.762861019787772
"[360, 2],5T,",0.7625793139828878
"[350, 2],5T,",0.7625793139828878
"[290, 3],15T,",0.759453658112998
"[70, 2.5],15T,",0.7529832004348962
"[320, 2],25T,",0.750433488818011
"[310, 2],25T,",0.750433488818011
"[330, 2],25T,",0.750433488818011
"[300, 2],25T,",0.750433488818011
"[290, 2],25T,",0.750433488818011
"[340, 2],20T,",0.7492768038734839
"[390, 2],20T,",0.7492768038734839
"[400, 2],20T,",0.7492768038734839
"[350, 2],20T,",0.7492768038734839
"[360, 2],20T,",0.7492768038734839
"[380, 2],20T,",0.7492768038734839
"[370, 2],20T,",0.7492768038734839
"[80, 2],30T,",0.7488028141020279
"[370, 2],5T,",0.7471032444512575
"[320, 2],5T,",0.7465460353683651
"[340, 2],25T,",0.7439127573122716
"[380, 2],5T,",0.7434978517444019
"[410, 2],20T,",0.7431596258165244
"[160, 1.5],5T,",0.7429887418531783
"[450, 3],10T,",0.7427613189460968
"[40, 1.5],15T,",0.741492042283933
"[380, 3],10T,",0.7414108939304235
"[370, 3],10T,",0.7414108939304235
"[360, 3],10T,",0.7414108939304235
"[170, 3],25T,",0.7409862470817543
"[200, 3],20T,",0.7409862470817539
"[190, 2],30T,",0.738142072815443
"[200, 2],30T,",0.738142072815443
"[430, 2],15T,",0.7373124117700208
"[440, 2],15T,",0.7373124117700208
"[480, 2],15T,",0.7373124117700208
"[490, 2],15T,",0.7373124117700208
"[450, 2],15T,",0.7373124117700208
"[460, 2],15T,",0.7373124117700208
"[470, 2],15T,",0.7373124117700208
"[420, 3.5],5T,",0.7350864682022688
"[20, 2],25T,",0.7336148879535807
"[180, 2],15T,",0.7335392076818431
"[210, 3],20T,",0.7331924661359301
"[260, 3],15T,",0.7325188898334082
"[250, 3],15T,",0.7325188898334082
"[220, 3.5],10T,",0.7324784742146043
"[240, 2],5T,",0.7294480318623674
"[140, 3],30T,",0.7282367725233759
"[20, 1],30T,",0.7264152051352328
"[160, 2],10T,",0.724508527262083
"[150, 2],10T,",0.724508527262083
"[290, 2],10T,",0.7227387802756599
"[300, 3],15T,",0.7225123426383635
"[310, 3],15T,",0.7225123426383635
"[320, 3.5],10T,",0.7157875435439832
"[130, 3.5],10T,",0.7155911792848219
"[490, 2],5T,",0.7116493429099855
"[240, 2.5],5T,",0.7110429011248726
"[230, 2],10T,",0.71045091933785
"[250, 3.5],5T,",0.7103633359083937
"[260, 2],5T,",0.7102404850020678
"[200, 2],10T,",0.7096648376400919
"[300, 2.5],5T,",0.7095529416859309
"[360, 3.5],5T,",0.7076783354354089
"[350, 3.5],5T,",0.7076783354354089
"[340, 3.5],5T,",0.7076783354354089
"[310, 4],5T,",0.7076783354354089
"[300, 4],5T,",0.7076783354354089
"[460, 3],15T,",0.7066253768030555
"[480, 3],15T,",0.7066253768030555
"[490, 3],15T,",0.7066253768030555
"[470, 3],15T,",0.7066253768030555
"[160, 4],10T,",0.7060951420661963
"[180, 3.5],10T,",0.7060951420661963
"[370, 3.5],5T,",0.7032451301127587
"[20, 1.5],20T,",0.7012795633264273
"[230, 2],5T,",0.7009434837744173
"[50, 2],25T,",0.6980902205734641
"[80, 3.5],25T,",0.6949974278734014
"[100, 3.5],20T,",0.6949974278734007
"[190, 3.5],10T,",0.6943139755088898
"[180, 2],10T,",0.6936994854767154
"[30, 1.5],20T,",0.6918527208198335
"[110, 4],15T,",0.6909456377698886
"[130, 3.5],15T,",0.6909456377698886
"[480, 1.5],25T,",0.6866705533013945
"[490, 1.5],25T,",0.6866705533013945
"[110, 2.5],10T,",0.6851481463493146
"[190, 2],10T,",0.6839191724173163
"[270, 2],30T,",0.6837643846406736
"[250, 2],30T,",0.6837643846406736
"[280, 2],30T,",0.6837643846406736
"[260, 2],30T,",0.6837643846406736
"[290, 2],30T,",0.6837643846406736
"[250, 2],5T,",0.6835858572549062
"[90, 3.5],25T,",0.6832578224559389
"[290, 3],5T,",0.6800824838714168
"[180, 2],25T,",0.6798398814731234
"[80, 2.5],15T,",0.6776646640803236
"[340, 3],10T,",0.6775893006272886
"[310, 2],15T,",0.6772409692702593
"[260, 2.5],5T,",0.6770112851866658
"[230, 1.5],25T,",0.6762449852736532
"[280, 1.5],20T,",0.6752026512028356
"[300, 3],5T,",0.6741909707608702
"[250, 2.5],5T,",0.6715360241726527
"[50, 3.5],30T,",0.6706297863474535
"[390, 2],10T,",0.66929426482592
"[110, 3],15T,",0.6690398372327306
"[450, 2],10T,",0.6682903074813958
"[280, 1.5],25T,",0.6675470828047954
"[220, 2.5],20T,",0.667433455311073
"[350, 3],10T,",0.6671018267937601
"[70, 3.5],20T,",0.666802143623052
"[110, 3.5],20T,",0.6663125816087154
"[170, 3],30T,",0.6661073731654785
"[450, 1.5],25T,",0.6655215438736927
"[170, 1.5],5T,",0.6651526775165141
"[150, 3],30T,",0.6647828200155509
"[250, 2],20T,",0.6629036795352045
"[460, 1.5],25T,",0.6615300406859291
"[90, 1.5],5T,",0.6604364506590086
"[470, 1.5],25T,",0.660199539623341
"[400, 2],10T,",0.6574593612416005
"[460, 2],5T,",0.6560056554980329
"[320, 2],15T,",0.652943438737535
"[320, 2.5],5T,",0.6513576596289803
"[350, 2],25T,",0.6476423971149006
"[370, 2],25T,",0.6476423971149006
"[360, 2],25T,",0.6476423971149006
"[380, 2],25T,",0.6476423971149006
"[410, 2],25T,",0.6476423971149006
"[390, 2],25T,",0.6476423971149006
"[420, 2],25T,",0.6476423971149006
"[400, 2],25T,",0.6476423971149006
"[430, 2],25T,",0.6476423971149006
"[460, 2],20T,",0.6466441498067212
"[480, 2],20T,",0.6466441498067212
"[440, 2],20T,",0.6466441498067212
"[490, 2],20T,",0.6466441498067212
"[450, 2],20T,",0.6466441498067212
"[420, 2],20T,",0.6466441498067212
"[470, 2],20T,",0.6466441498067212
"[430, 2],20T,",0.6466441498067212
"[330, 2.5],5T,",0.6457758404426047
"[440, 2],25T,",0.6453135644342797
"[460, 2],10T,",0.6443139019070993
"[230, 2.5],20T,",0.6434784216525782
"[240, 2.5],20T,",0.6434784216525782
"[340, 2.5],5T,",0.6431178313062346
"[130, 2],10T,",0.6427029620129628
"[330, 2],5T,",0.6425905837759901
"[460, 1.5],30T,",0.6423126827789556
"[220, 2],5T,",0.6421217033430948
"[270, 2],5T,",0.6416101307093568
"[490, 1.5],30T,",0.6409556324467637
"[430, 2.5],10T,",0.640296362969115
"[440, 2.5],10T,",0.640296362969115
"[220, 2],20T,",0.6399517340170152
"[300, 2.5],15T,",0.6397269840268979
"[270, 1.5],25T,",0.6384349252263809
"[480, 2],25T,",0.637932956246465
"[460, 2],25T,",0.637932956246465
"[490, 2],25T,",0.637932956246465
"[450, 2],25T,",0.637932956246465
"[470, 2],25T,",0.637932956246465
"[230, 2],20T,",0.6349907894910778
"[470, 1.5],30T,",0.6346227308965362
"[480, 1.5],30T,",0.6336094666484996
"[350, 2.5],5T,",0.6315023313803
"[360, 2.5],5T,",0.6315023313803
"[390, 2.5],5T,",0.6306132659698135
"[270, 2.5],5T,",0.6303731883640117
"[270, 3],15T,",0.6268242772015334
"[280, 3],15T,",0.6268242772015334
"[110, 2],20T,",0.6266047653896322
"[280, 2],5T,",0.6263120898244061
"[280, 2],15T,",0.6262743734629721
"[130, 2.5],10T,",0.6258850707560747
"[430, 1.5],30T,",0.6258471387483637
"[420, 1.5],30T,",0.6256661987040715
"[410, 1.5],30T,",0.6256661987040715
"[80, 2],25T,",0.6241786666788863
"[400, 2.5],5T,",0.6238291970337975
"[440, 1.5],30T,",0.6232958841238433
"[70, 3.5],30T,",0.6220517784169612
"[470, 2],5T,",0.6218395150248852
"[220, 2],10T,",0.6212390375040715
"[200, 2.5],25T,",0.6209257284835943
"[450, 1.5],30T,",0.6209074755391862
"[120, 2],10T,",0.6202469857123781
"[40, 3],5T,",0.6200144785567318
"[140, 2],15T,",0.6197710267711981
"[160, 2],30T,",0.619472778124946
"[370, 2.5],5T,",0.6180770565446764
"[410, 2.5],5T,",0.6177048194374235
"[180, 1.5],5T,",0.6163625498009477
"[330, 3],10T,",0.6161393221205086
"[380, 2.5],5T,",0.6145379064037639
"[420, 3],5T,",0.6134023512435477
"[450, 3],5T,",0.6134023512435477
"[440, 3],5T,",0.6134023512435477
"[430, 3],5T,",0.6134023512435477
"[480, 2],5T,",0.6095257361265936
"[240, 1.5],30T,",0.6082416724387305
"[280, 2.5],15T,",0.6079932917814641
"[140, 2],25T,",0.6079540458965126
"[230, 3],10T,",0.6078270124277924
"[220, 3],10T,",0.6078270124277924
"[110, 2],10T,",0.6064766374977816
"[390, 1.5],30T,",0.6063960839869504
"[130, 2],15T,",0.6058412716444599
"[100, 3],25T,",0.6056059866400035
"[210, 2],25T,",0.6031387207368826
"[400, 1.5],30T,",0.6027591890966769
"[460, 3],5T,",0.6017478271704975
"[470, 3],5T,",0.6017478271704975
"[240, 2],10T,",0.5976007275121458
"[310, 3],5T,",0.5964587302606279
"[80, 3.5],30T,",0.5960673752361766
"[120, 1.5],5T,",0.593975843956024
"[360, 2],30T,",0.590105334755221
"[320, 2],30T,",0.590105334755221
"[340, 2],30T,",0.590105334755221
"[310, 2],30T,",0.590105334755221
"[370, 2],30T,",0.590105334755221
"[350, 2],30T,",0.590105334755221
"[300, 2],30T,",0.590105334755221
"[330, 2],30T,",0.590105334755221
"[480, 3],5T,",0.5889912112044569
"[420, 2],10T,",0.5880225489962841
"[380, 2],30T,",0.5879833974103086
"[270, 2],10T,",0.5876502693532141
"[240, 3],10T,",0.5869015447447197
"[250, 3],10T,",0.5869015447447197
"[230, 3],15T,",0.5866404236466725
"[110, 3],25T,",0.5862501011417278
"[60, 2],5T,",0.5861702032170091
"[90, 2],15T,",0.5833596273270544
"[200, 2.5],10T,",0.5824969460578746
"[480, 2],30T,",0.5812584882864316
"[420, 2],30T,",0.5812584882864316
"[440, 2],30T,",0.5812584882864316
"[490, 2],30T,",0.5812584882864316
"[400, 2],30T,",0.5812584882864316
"[390, 2],30T,",0.5812584882864316
"[470, 2],30T,",0.5812584882864316
"[450, 2],30T,",0.5812584882864316
"[410, 2],30T,",0.5812584882864316
"[430, 2],30T,",0.5812584882864316
"[460, 2],30T,",0.5812584882864316
"[110, 3],10T,",0.5795563017532553
"[120, 3],20T,",0.5758259144907927
"[130, 3],20T,",0.5758259144907927
"[80, 1.5],5T,",0.5752165818067475
"[50, 1.5],15T,",0.5736889048262436
"[200, 2],25T,",0.5733657807501271
"[40, 2],30T,",0.5721507528844583
"[330, 1.5],25T,",0.5708971026314369
"[320, 1.5],25T,",0.5708971026314369
"[290, 1.5],25T,",0.5708971026314369
"[310, 1.5],25T,",0.5708971026314369
"[300, 1.5],25T,",0.5708971026314369
"[240, 2],20T,",0.5705930615206983
"[380, 1.5],20T,",0.5700171471212856
"[390, 1.5],20T,",0.5700171471212856
"[360, 1.5],20T,",0.5700171471212856
"[370, 1.5],20T,",0.5700171471212856
"[340, 1.5],20T,",0.5700171471212856
"[350, 1.5],20T,",0.5700171471212856
"[400, 1.5],20T,",0.5700171471212856
"[70, 2],30T,",0.5677045237289345
"[340, 1.5],25T,",0.5672829057151537
"[170, 3],15T,",0.5669246324987818
"[160, 3],15T,",0.5669246324987818
"[410, 1.5],20T,",0.5666266247465553
"[90, 2.5],15T,",0.5662755260310363
"[90, 3],30T,",0.5653783636339816
"[210, 2.5],10T,",0.5646911600434398
"[190, 2.5],10T,",0.561383306477653
"[160, 3],30T,",0.561305003788753
"[430, 2],10T,",0.5607397752265403
"[250, 2],10T,",0.5603864732029878
"[100, 2],25T,",0.5585151513367225
"[440, 2],10T,",0.5579851778794997
"[150, 2.5],10T,",0.5571721092734869
"[20, 1.5],15T,",0.5569657483865824
"[170, 2.5],30T,",0.5567946553141597
"[170, 2.5],10T,",0.5553935137330546
"[410, 2.5],10T,",0.5544819323037945
"[420, 2.5],10T,",0.5517580761994391
"[80, 2],20T,",0.5506297485127138
"[90, 2],20T,",0.5501801923330609
"[120, 2],25T,",0.5472416475928459
"[140, 2],20T,",0.5469080412891227
"[100, 4],25T,",0.5458193876685613
"[110, 4],25T,",0.5458193876685613
"[60, 2.5],20T,",0.5435502654519604
"[70, 2],25T,",0.5431869936952766
"[360, 1.5],5T,",0.5429787174387751
"[100, 2.5],15T,",0.5423324762657907
"[110, 2],15T,",0.5423324762657907
"[150, 2],25T,",0.541375388732926
"[50, 2.5],25T,",0.5410115360350286
"[180, 2],30T,",0.540844743121622
"[180, 2],20T,",0.5405409366851217
"[320, 2],10T,",0.5400372944315982
"[330, 2],10T,",0.5400372944315982
"[340, 2],10T,",0.5398459827033212
"[490, 1.5],15T,",0.5394818077313228
"[480, 1.5],15T,",0.5394818077313228
"[440, 1.5],15T,",0.5394818077313228
"[430, 1.5],15T,",0.5394818077313228
"[460, 1.5],15T,",0.5394818077313228
"[470, 1.5],15T,",0.5394818077313228
"[450, 1.5],15T,",0.5394818077313228
"[160, 2],25T,",0.5391556117680809
"[80, 2],15T,",0.5387337950617359
"[140, 3],10T,",0.5378704435386884
"[120, 2],30T,",0.5372948894473595
"[190, 2],20T,",0.5347050653713659
"[350, 2],10T,",0.5338356059066393
"[370, 1.5],5T,",0.5335783589459829
"[90, 2],30T,",0.5331211785412056
"[180, 2.5],10T,",0.5325109593924655
"[120, 2],20T,",0.5324251100635512
"[40, 3.5],30T,",0.5321886910288988
"[230, 2],15T,",0.5321678389902441
"[240, 2],15T,",0.5297484486522593
"[380, 1.5],5T,",0.5284679843976663
"[90, 4],30T,",0.5275399662731874
"[280, 2.5],20T,",0.5272538175573583
"[250, 2.5],20T,",0.5272538175573583
"[260, 2.5],20T,",0.5272538175573583
"[290, 2.5],20T,",0.5272538175573583
"[270, 2.5],20T,",0.5272538175573583
"[190, 2],25T,",0.5265276138372398
"[450, 2.5],10T,",0.5246464999969056
"[460, 2.5],10T,",0.5246464999969056
"[480, 2.5],10T,",0.5246464999969056
"[490, 2.5],10T,",0.5246464999969056
"[470, 2.5],10T,",0.5246464999969056
"[340, 2.5],15T,",0.5241799618647485
"[330, 2.5],15T,",0.5241799618647485
"[370, 2.5],15T,",0.5241799618647485
"[350, 2.5],15T,",0.5241799618647485
"[360, 2.5],15T,",0.5241799618647485
"[310, 2.5],15T,",0.5241799618647485
"[320, 2.5],15T,",0.5241799618647485
"[70, 3],20T,",0.5235614079060302
"[20, 1.5],25T,",0.520554645534208
"[280, 1.5],30T,",0.5201781528817075
"[270, 1.5],30T,",0.5201781528817075
"[290, 1.5],30T,",0.5201781528817075
"[260, 1.5],30T,",0.5201781528817075
"[250, 1.5],30T,",0.5201781528817075
"[130, 1],5T,",0.5190121059745736
"[120, 2],15T,",0.5173114439349696
"[160, 2],15T,",0.5171653421934612
"[190, 2.5],25T,",0.5166292844897387
"[410, 2],10T,",0.5160432042423312
"[160, 3],25T,",0.5158807625649952
"[370, 1.5],25T,",0.513923855637937
"[410, 1.5],25T,",0.513923855637937
"[380, 1.5],25T,",0.513923855637937
"[390, 1.5],25T,",0.513923855637937
"[430, 1.5],25T,",0.513923855637937
"[400, 1.5],25T,",0.513923855637937
"[360, 1.5],25T,",0.513923855637937
"[420, 1.5],25T,",0.513923855637937
"[350, 1.5],25T,",0.513923855637937
"[380, 2.5],15T,",0.5133638797229095
"[470, 1.5],20T,",0.5131317161674751
"[420, 1.5],20T,",0.5131317161674751
"[450, 1.5],20T,",0.5131317161674751
"[460, 1.5],20T,",0.5131317161674751
"[480, 1.5],20T,",0.5131317161674751
"[440, 1.5],20T,",0.5131317161674751
"[490, 1.5],20T,",0.5131317161674751
"[430, 1.5],20T,",0.5131317161674751
"[440, 1.5],25T,",0.5126330710249788
"[240, 3],15T,",0.5125557177318429
"[90, 2.5],20T,",0.5116844484502048
"[190, 3],20T,",0.5110478548372838
"[30, 3],5T,",0.5104203396049536
"[160, 2.5],10T,",0.5088042387478755
"[230, 2.5],25T,",0.5087745754111994
"[240, 2.5],25T,",0.5087745754111994
"[220, 2.5],25T,",0.5087745754111994
"[210, 2.5],25T,",0.5087745754111994
"[300, 2],10T,",0.5060383591810672
"[190, 2],15T,",0.5038956955514539
"[300, 2.5],20T,",0.5037919199389242
"[40, 1.5],20T,",0.5017318692368982
"[50, 1.5],10T,",0.5016024578443881
"[170, 2],10T,",0.5013058585756226
"[130, 2],25T,",0.5001692871686335
"[310, 2],10T,",0.49911625989207825
"[250, 2.5],25T,",0.4982763725044141
"[210, 2],15T,",0.49622183856687907
"[30, 1.5],30T,",0.4957902207594449
"[270, 1.5],20T,",0.49472834281340494
"[140, 2.5],15T,",0.49439492736074253
"[60, 3],25T,",0.49242073868876857
"[30, 2.5],10T,",0.4888297101512225
"[250, 2],15T,",0.4869802433520163
"[170, 2],15T,",0.4865753153481174
"[60, 2],30T,",0.48491357493200093
"[130, 2.5],15T,",0.4845456531978784
"[70, 2],20T,",0.48292837171680175
"[50, 2.5],5T,",0.48236183198447324
"[20, 2],15T,",0.48155076493474264
"[110, 2.5],20T,",0.4803310725478626
"[150, 2.5],15T,",0.47984091564787434
"[40, 2.5],30T,",0.4794169310733919
"[320, 3],10T,",0.47903903234181167
"[310, 3.5],10T,",0.47903903234181167
"[230, 4],10T,",0.47903903234181167
"[300, 4],10T,",0.47903903234181167
"[300, 3.5],10T,",0.47903903234181167
"[240, 4],10T,",0.47903903234181167
"[290, 4],10T,",0.47903903234181167
"[220, 4],10T,",0.47903903234181167
"[150, 3],10T,",0.47802339772481817
"[70, 1.5],10T,",0.47725324746207987
"[470, 4],5T,",0.47712872647822024
"[450, 4],5T,",0.47712872647822024
"[440, 4],5T,",0.47712872647822024
"[460, 4],5T,",0.47712872647822024
"[430, 4],5T,",0.47712872647822024
"[420, 4],5T,",0.47712872647822024
"[480, 4],5T,",0.47712872647822024
"[490, 4],5T,",0.47712872647822024
"[130, 2],30T,",0.47675931509547925
"[180, 2.5],20T,",0.4746655014909146
"[140, 2],30T,",0.4727090102976646
"[70, 1.5],5T,",0.4726432296621722
"[150, 3],25T,",0.4725011839197803
"[140, 3.5],25T,",0.4725011839197803
"[180, 3],20T,",0.47250118391977997
"[160, 3.5],20T,",0.47250118391977997
"[170, 3.5],20T,",0.47250118391977997
"[170, 3],20T,",0.47250118391977997
"[130, 4],20T,",0.47250118391977997
"[120, 4],20T,",0.47250118391977997
"[490, 1.5],10T,",0.4724020686834845
"[90, 2],25T,",0.47179380030565116
"[100, 2],20T,",0.4711738088021609
"[200, 3.5],15T,",0.4697465325439299
"[210, 3.5],15T,",0.4697465325439299
"[160, 4],15T,",0.4697465325439299
"[220, 3],15T,",0.4697465325439299
"[430, 2.5],25T,",0.46958863688273295
"[400, 2.5],25T,",0.46958863688273295
"[290, 2.5],25T,",0.46958863688273295
"[440, 2.5],25T,",0.46958863688273295
"[310, 2.5],25T,",0.46958863688273295
"[320, 2.5],25T,",0.46958863688273295
"[330, 2.5],25T,",0.46958863688273295
"[300, 2.5],25T,",0.46958863688273295
"[340, 2.5],25T,",0.46958863688273295
"[350, 2.5],25T,",0.46958863688273295
"[360, 2.5],25T,",0.46958863688273295
"[490, 2.5],25T,",0.46958863688273295
"[370, 2.5],25T,",0.46958863688273295
"[380, 2.5],25T,",0.46958863688273295
"[420, 2.5],25T,",0.46958863688273295
"[390, 2.5],25T,",0.46958863688273295
"[450, 2.5],25T,",0.46958863688273295
"[410, 2.5],25T,",0.46958863688273295
"[480, 2.5],25T,",0.46958863688273295
"[470, 2.5],25T,",0.46958863688273295
"[460, 2.5],25T,",0.46958863688273295
"[120, 2.5],15T,",0.4694063579889181
"[330, 1.5],30T,",0.46826645417427015
"[350, 1.5],30T,",0.46826645417427015
"[360, 1.5],30T,",0.46826645417427015
"[370, 1.5],30T,",0.46826645417427015
"[340, 1.5],30T,",0.46826645417427015
"[320, 1.5],30T,",0.46826645417427015
"[310, 1.5],30T,",0.46826645417427015
"[300, 1.5],30T,",0.46826645417427015
"[350, 1.5],15T,",0.4682261613791562
"[340, 2.5],20T,",0.4672115419316881
"[470, 2.5],20T,",0.4672115419316881
"[460, 2.5],20T,",0.4672115419316881
"[420, 2.5],20T,",0.4672115419316881
"[320, 2.5],20T,",0.4672115419316881
"[330, 2.5],20T,",0.4672115419316881
"[310, 2.5],20T,",0.4672115419316881
"[480, 2.5],20T,",0.4672115419316881
"[490, 2.5],20T,",0.4672115419316881
"[350, 2.5],20T,",0.4672115419316881
"[450, 2.5],20T,",0.4672115419316881
"[390, 2.5],20T,",0.4672115419316881
"[440, 2.5],20T,",0.4672115419316881
"[360, 2.5],20T,",0.4672115419316881
"[370, 2.5],20T,",0.4672115419316881
"[410, 2.5],20T,",0.4672115419316881
"[380, 2.5],20T,",0.4672115419316881
"[430, 2.5],20T,",0.4672115419316881
"[400, 2.5],20T,",0.4672115419316881
"[380, 1.5],30T,",0.4670903438863709
"[280, 4],10T,",0.466140982908404
"[70, 2.5],20T,",0.46538506208056035
"[410, 2.5],15T,",0.46448772882688627
"[390, 2.5],15T,",0.46448772882688627
"[400, 2.5],15T,",0.46448772882688627
"[480, 2.5],15T,",0.46448772882688627
"[420, 2.5],15T,",0.46448772882688627
"[490, 2.5],15T,",0.46448772882688627
"[440, 2.5],15T,",0.46448772882688627
"[450, 2.5],15T,",0.46448772882688627
"[460, 2.5],15T,",0.46448772882688627
"[470, 2.5],15T,",0.46448772882688627
"[430, 2.5],15T,",0.46448772882688627
"[90, 2.5],25T,",0.4636220654030637
"[160, 2],20T,",0.4632085218572174
"[270, 2.5],15T,",0.4618155527780132
"[260, 2.5],15T,",0.4618155527780132
"[370, 2.5],10T,",0.4610588815733389
"[390, 2.5],10T,",0.4610588815733389
"[380, 2.5],10T,",0.4610588815733389
"[170, 2],20T,",0.46034346134084086
"[490, 1.5],5T,",0.45941202239411416
"[150, 2.5],25T,",0.45802937966800406
"[210, 2],20T,",0.4531244107069779
"[210, 2.5],20T,",0.4528068754413318
"[400, 2.5],10T,",0.4517858170262821
"[100, 2.5],20T,",0.45140680698974867
"[380, 2],10T,",0.45084388073310994
"[260, 2.5],25T,",0.4508366671952018
"[280, 2.5],25T,",0.4508366671952018
"[270, 2.5],25T,",0.4508366671952018
"[90, 1.5],10T,",0.45010820805324053
"[20, 3.5],5T,",0.44924694975533913
"[60, 2.5],25T,",0.4488871800303107
"[100, 2],15T,",0.4484474943815913
"[290, 2],15T,",0.4474980049111318
"[370, 2],10T,",0.4469657119095411
"[200, 1.5],30T,",0.44689826745044886
"[180, 2.5],30T,",0.4436383129170797
"[210, 2.5],30T,",0.4436383129170797
"[200, 2.5],30T,",0.4436383129170797
"[190, 2.5],30T,",0.4436383129170797
"[80, 1.5],10T,",0.44315749264975307
"[220, 3.5],15T,",0.44237680734746704
"[440, 1.5],5T,",0.44196239000878673
"[80, 2.5],25T,",0.44098397663507877
"[40, 1.5],25T,",0.43979009263374425
"[240, 1.5],25T,",0.4390428429509912
"[450, 1.5],5T,",0.4383780813291431
"[270, 2],15T,",0.4381951177310358
"[290, 1.5],20T,",0.4378286064329225
"[390, 1.5],5T,",0.4372990059130239
"[160, 2.5],30T,",0.43711761860287823
"[180, 2.5],25T,",0.43693685683152633
"[170, 2.5],25T,",0.43693685683152633
"[140, 1.5],5T,",0.43588252377732645
"[430, 1.5],5T,",0.4351208464304931
"[250, 1.5],25T,",0.4345948676970106
"[20, 2.5],15T,",0.433769257215847
"[200, 1.5],5T,",0.43373736655458345
"[400, 1.5],5T,",0.43299191584506036
"[170, 2],25T,",0.4328850067738049
"[240, 2.5],30T,",0.4325057847227618
"[220, 2.5],30T,",0.4325057847227618
"[230, 2.5],30T,",0.4325057847227618
"[50, 2],5T,",0.4324170857131826
"[260, 2.5],10T,",0.4323794275195025
"[330, 1.5],20T,",0.4321972293436147
"[200, 2],20T,",0.42955622659935006
"[270, 3],5T,",0.4290674250480992
"[280, 3],5T,",0.4290674250480992
"[410, 1.5],5T,",0.42901904942468816
"[300, 1.5],20T,",0.4282629795962898
"[320, 2.5],30T,",0.427870011289224
"[350, 2.5],30T,",0.427870011289224
"[300, 2.5],30T,",0.427870011289224
"[380, 2.5],30T,",0.427870011289224
"[430, 2.5],30T,",0.427870011289224
"[310, 2.5],30T,",0.427870011289224
"[400, 2.5],30T,",0.427870011289224
"[270, 2.5],30T,",0.427870011289224
"[470, 2.5],30T,",0.427870011289224
"[440, 2.5],30T,",0.427870011289224
"[460, 2.5],30T,",0.427870011289224
"[490, 2.5],30T,",0.427870011289224
"[360, 2.5],30T,",0.427870011289224
"[260, 2.5],30T,",0.427870011289224
"[370, 2.5],30T,",0.427870011289224
"[480, 2.5],30T,",0.427870011289224
"[280, 2.5],30T,",0.427870011289224
"[330, 2.5],30T,",0.427870011289224
"[250, 2.5],30T,",0.427870011289224
"[340, 2.5],30T,",0.427870011289224
"[290, 2.5],30T,",0.427870011289224
"[420, 2.5],30T,",0.427870011289224
"[390, 2.5],30T,",0.427870011289224
"[450, 2.5],30T,",0.427870011289224
"[410, 2.5],30T,",0.427870011289224
"[300, 2],15T,",0.42673521809072507
"[260, 2],15T,",0.4259977772975789
"[150, 1],5T,",0.4241704926699761
"[460, 1],30T,",0.4230688805699977
"[490, 1],30T,",0.4222514652565504
"[260, 1.5],25T,",0.4214149212530896
"[270, 2.5],10T,",0.4213297922031619
"[320, 1.5],20T,",0.42076537095705985
"[310, 1.5],20T,",0.42076537095705985
"[200, 2.5],20T,",0.41934288215753285
"[140, 2.5],20T,",0.419238634251539
"[470, 1],30T,",0.418436860460462
"[480, 1],30T,",0.417826523693088
"[370, 1.5],10T,",0.41728970443538
"[50, 1.5],20T,",0.4172141679810586
"[130, 3],30T,",0.41610561823771536
"[120, 3.5],30T,",0.41610561823771536
"[60, 1.5],5T,",0.4152310284132224
"[80, 2.5],30T,",0.41469093030803583
"[360, 1.5],15T,",0.4143744960441715
"[370, 1.5],15T,",0.4143744960441715
"[190, 1.5],5T,",0.4142258685989943
"[50, 1.5],25T,",0.4141560048008401
"[430, 1],30T,",0.41315090810016813
"[70, 1.5],15T,",0.4121702814564137
"[440, 1],30T,",0.411614167310887
"[220, 1.5],20T,",0.4115045518490917
"[220, 2],15T,",0.4111883622056036
"[110, 2.5],30T,",0.41076323766259715
"[150, 2],30T,",0.4106625754251064
"[380, 1.5],15T,",0.41017643762259104
"[450, 1],30T,",0.41017551635921945
"[420, 1.5],15T,",0.4090447870915558
"[130, 2.5],30T,",0.4033611019060416
"[280, 2.5],10T,",0.40315671917748624
"[290, 2.5],15T,",0.4030973411744371
"[250, 2.5],10T,",0.40275785288569677
"[50, 2],30T,",0.4022185325143732
"[470, 2.5],5T,",0.4014234185575788
"[190, 2.5],15T,",0.3987778562806784
"[450, 3.5],5T,",0.3985361509359088
"[430, 3.5],5T,",0.3985361509359088
"[440, 3.5],5T,",0.3985361509359088
"[400, 1.5],15T,",0.3982253237486488
"[410, 1.5],15T,",0.3982253237486488
"[390, 1.5],15T,",0.3982253237486488
"[150, 2.5],30T,",0.3981190411808658
"[150, 2.5],20T,",0.3972869584510319
"[250, 3.5],10T,",0.39712219498586954
"[230, 3.5],10T,",0.39712219498586954
"[240, 3.5],10T,",0.39712219498586954
"[280, 3.5],10T,",0.39712219498586954
"[290, 3],10T,",0.39712219498586954
"[210, 1.5],30T,",0.39598511621182053
"[140, 1],5T,",0.39566596112587316
"[480, 2.5],5T,",0.39525633154051243
"[490, 2.5],5T,",0.39525633154051243
"[290, 2.5],10T,",0.3948345742861944
"[70, 2.5],30T,",0.3945172282092778
"[220, 1.5],30T,",0.391297949158653
"[170, 2.5],15T,",0.39129514891240674
"[180, 2.5],15T,",0.39129514891240674
"[50, 2.5],30T,",0.38848782736305326
"[210, 1.5],5T,",0.3874151358139658
"[280, 1.5],15T,",0.38695085971595183
"[410, 1.5],10T,",0.3868254836932823
"[130, 3.5],25T,",0.38585448521357163
"[100, 3.5],25T,",0.38585448521357163
"[130, 3],25T,",0.38585448521357163
"[110, 3.5],25T,",0.38585448521357163
"[120, 3.5],25T,",0.38585448521357163
"[120, 3.5],20T,",0.38585448521357113
"[130, 3.5],20T,",0.38585448521357113
"[150, 3.5],20T,",0.38585448521357113
"[140, 3.5],20T,",0.38585448521357113
"[160, 3],20T,",0.3847759949257015
"[170, 2],30T,",0.38365291213061053
"[170, 3.5],15T,",0.3836049784932838
"[160, 3.5],15T,",0.3836049784932838
"[180, 3.5],15T,",0.3836049784932838
"[200, 3],15T,",0.3836049784932838
"[120, 2.5],25T,",0.38357186698594414
"[200, 1.5],25T,",0.3826111404421078
"[70, 2.5],25T,",0.3826073012791971
"[100, 1.5],10T,",0.38243700995981533
"[360, 2.5],10T,",0.38092472823202206
"[240, 1.5],5T,",0.38040036700053687
"[60, 1.5],10T,",0.38034783448053583
"[290, 1.5],15T,",0.3776820589728171
"[230, 1.5],30T,",0.37767109757550954
"[20, 0.5],30T,",0.37676491376637034
"[100, 2.5],30T,",0.3765511590277613
"[160, 1.5],30T,",0.37584592952735
"[230, 1.5],20T,",0.37547591922565676
"[320, 2.5],10T,",0.3752306721714533
"[340, 2.5],10T,",0.37508247352565416
"[440, 2.5],5T,",0.3739726528568918
"[360, 2],10T,",0.37248514150141615
"[330, 2.5],10T,",0.37135433227993164
"[420, 2.5],5T,",0.37073295055673827
"[430, 2.5],5T,",0.37073295055673827
"[240, 2.5],15T,",0.37041523975659035
"[60, 2],25T,",0.37032145359287544
"[350, 1.5],5T,",0.36876741937623575
"[480, 1.5],5T,",0.3683482042212495
"[290, 3.5],10T,",0.36807487332878225
"[300, 3],10T,",0.36807487332878225
"[310, 3],10T,",0.368074873328782
"[310, 2.5],10T,",0.367638145398353
"[30, 1],30T,",0.3674422298072905
"[110, 2.5],15T,",0.36530969463978585
"[170, 2.5],20T,",0.36471442312481056
"[130, 2],20T,",0.3641030722841074
"[140, 3],25T,",0.3630514460768985
"[230, 2.5],15T,",0.3625881616007252
"[220, 2.5],15T,",0.3625881616007252
"[210, 3],15T,",0.3609348796015643
"[200, 2.5],15T,",0.3597827393919043
"[410, 1],5T,",0.3553704175773632
"[450, 2.5],5T,",0.35206431249951264
"[140, 2.5],25T,",0.35193187719590047
"[230, 1.5],5T,",0.3517976480936263
"[460, 1.5],5T,",0.3517452758832216
"[470, 1.5],5T,",0.3517452758832216
"[250, 1.5],5T,",0.35155770739921344
"[300, 2.5],10T,",0.35051850416026636
"[190, 2.5],20T,",0.3503798549432365
"[30, 1.5],10T,",0.3500355325407017
"[110, 2],25T,",0.34993708508015936
"[150, 2],20T,",0.34986736749400443
"[350, 2.5],10T,",0.349061869029892
"[420, 1.5],5T,",0.3462556719928625
"[60, 1.5],20T,",0.34620335412439773
"[30, 2],10T,",0.346001220885613
"[170, 1.5],30T,",0.34508777296893
"[460, 2.5],5T,",0.34381807154385446
"[70, 1.5],20T,",0.34242275177549014
"[190, 1.5],25T,",0.34216905454485574
"[160, 2.5],25T,",0.34074165313717664
"[210, 2.5],15T,",0.3405425600003661
"[290, 1.5],10T,",0.34028781906811256
"[100, 3.5],30T,",0.3398006705245576
"[110, 3.5],30T,",0.3398006705245576
"[90, 3.5],30T,",0.3398006705245576
"[110, 3],30T,",0.3398006705245576
"[30, 1],25T,",0.3379137338038103
"[100, 2],30T,",0.3366065446085315
"[60, 2.5],30T,",0.33632719206541417
"[490, 3.5],5T,",0.33346269492808234
"[480, 3.5],5T,",0.33346269492808234
"[100, 3],15T,",0.331468750729364
"[460, 3.5],5T,",0.3306853712390701
"[470, 3.5],5T,",0.3306853712390701
"[130, 2.5],25T,",0.3305341847812458
"[90, 1.5],15T,",0.33044084352038733
"[80, 2.5],20T,",0.33022949926824463
"[80, 3],20T,",0.33022949926824463
"[260, 3],10T,",0.3295408750487146
"[270, 3],10T,",0.3295408750487146
"[120, 2.5],30T,",0.32939322826661643
"[270, 3.5],10T,",0.3279669967856954
"[280, 3],10T,",0.3279669967856954
"[260, 3.5],10T,",0.3279669967856954
"[20, 3],5T,",0.32367301127238735
"[30, 2.5],5T,",0.3231255721087611
"[480, 1],25T,",0.32242610359333995
"[460, 1],5T,",0.32113577029073104
"[210, 1],5T,",0.3201353734821878
"[120, 3],30T,",0.31971929714269715
"[220, 2.5],10T,",0.31914067706250315
"[230, 2.5],10T,",0.31914067706250315
"[190, 1.5],10T,",0.318406300071352
"[190, 3],15T,",0.3183239866263788
"[180, 3],15T,",0.3183239866263788
"[140, 3],20T,",0.31713387906822166
"[490, 1],25T,",0.3171317815681473
"[60, 1.5],25T,",0.31636893995348975
"[470, 1],5T,",0.315459585922563
"[450, 1],25T,",0.3133652903570668
"[460, 1],25T,",0.3116552213800799
"[220, 1.5],5T,",0.31152007502052187
"[470, 1],25T,",0.31108519838775117
"[50, 1.5],30T,",0.3094931504229858
"[420, 1.5],10T,",0.30875906999383884
"[490, 1],5T,",0.30783275202150395
"[240, 2.5],10T,",0.30638274900603224
"[480, 1],5T,",0.30556809203426
"[450, 1.5],10T,",0.30445943326242114
"[150, 3],20T,",0.3042547522763947
"[340, 1.5],15T,",0.3039894557632048
"[50, 1.5],5T,",0.30275520175257276
"[110, 0.5],5T,",0.3026158586983645
"[110, 1],5T,",0.30039567231634595
"[430, 1.5],10T,",0.2999183327165341
"[120, 3],25T,",0.2972432410261921
"[210, 1.5],25T,",0.29542992298268894
"[190, 3.5],15T,",0.29466093999339765
"[250, 1.5],20T,",0.2939092672707121
"[30, 1.5],15T,",0.29269663956305386
"[90, 1.5],25T,",0.2925527719931436
"[250, 2.5],15T,",0.29224820617977953
"[130, 1.5],10T,",0.2885906286078987
"[220, 1.5],25T,",0.2880265985058284
"[300, 1.5],15T,",0.28671867944484913
"[310, 1.5],10T,",0.2861112217127261
"[160, 2.5],20T,",0.28328223690230325
"[40, 2],5T,",0.282879012827064
"[60, 1.5],15T,",0.28063092088932196
"[230, 1.5],10T,",0.27956187733089555
"[110, 2],30T,",0.2794252648931595
"[80, 1.5],30T,",0.277989842146682
"[260, 1.5],10T,",0.2778423180845104
"[300, 1.5],10T,",0.27724913695761216
"[490, 3],5T,",0.27616834263456386
"[110, 1.5],30T,",0.2746684926062525
"[270, 1.5],10T,",0.2741730165460037
"[450, 1],5T,",0.2737268044871282
"[420, 1],30T,",0.27269390723140624
"[410, 1],30T,",0.27269390723140624
"[280, 1.5],10T,",0.2720064388283659
"[100, 0.5],5T,",0.271680620207721
"[230, 1],5T,",0.2714698590626949
"[250, 1.5],10T,",0.27101746875079813
"[30, 1],20T,",0.2694178899876671
"[430, 1],5T,",0.26932677521383275
"[140, 2.5],30T,",0.2691370632615701
"[100, 3],30T,",0.2679230320918902
"[200, 1.5],20T,",0.2678619376186883
"[330, 1.5],5T,",0.26768514840995533
"[440, 1.5],10T,",0.26714017141759006
"[420, 1],5T,",0.2664319987765987
"[100, 2.5],25T,",0.2662368926614243
"[490, 0.5],30T,",0.26578262026134214
"[160, 1.5],20T,",0.2654065223608633
"[390, 1],30T,",0.2650306673865031
"[400, 1],30T,",0.26358436578197203
"[480, 0.5],30T,",0.26333926072318525
"[200, 1.5],10T,",0.2630532882669736
"[120, 2.5],20T,",0.2623394565479663
"[340, 1.5],5T,",0.2621994568394018
"[140, 1.5],20T,",0.26142074822515426
"[120, 1.5],25T,",0.2609138834456678
"[190, 1.5],30T,",0.26089783367264685
"[100, 1.5],30T,",0.26073789960843385
"[20, 1],20T,",0.2588701771087385
"[160, 2.5],15T,",0.2582841380539562
"[130, 2.5],20T,",0.2577153800464392
"[100, 1],5T,",0.25729490220515633
"[200, 1],5T,",0.2568679054359526
"[30, 0.5],30T,",0.2567887692344648
"[100, 1.5],20T,",0.25639012778179676
"[210, 1.5],10T,",0.2559437914688979
"[70, 1],10T,",0.25583500276840704
"[240, 1.5],10T,",0.255205999932536
"[120, 1.5],30T,",0.25490228529691994
"[80, 1.5],25T,",0.2538610297484084
"[110, 2.5],25T,",0.2534956896399376
"[180, 1.5],25T,",0.25299638407932973
"[30, 1.5],25T,",0.2527788404894432
"[110, 1.5],20T,",0.25275097384184075
"[170, 1],5T,",0.2525097763352899
"[200, 1.5],15T,",0.251092096056863
"[90, 2.5],30T,",0.24860238636072954
"[50, 1],15T,",0.2485020065224202
"[300, 1],25T,",0.24807623821456687
"[330, 1],25T,",0.24807623821456687
"[310, 1],25T,",0.24807623821456687
"[320, 1],25T,",0.24807623821456687
"[120, 0.5],5T,",0.24648982433926994
"[390, 1],20T,",0.24509665665567482
"[400, 1],20T,",0.24509665665567482
"[380, 1],20T,",0.24509665665567482
"[60, 1],5T,",0.24503000607406844
"[170, 1.5],25T,",0.24469296307589775
"[140, 1.5],15T,",0.24467175887036102
"[20, 4],5T,",0.24446855291751687
"[130, 1.5],15T,",0.24292414419403377
"[130, 1.5],25T,",0.2423985348222128
"[480, 1],15T,",0.241346360423184
"[490, 1],15T,",0.241346360423184
"[240, 1.5],20T,",0.24091283055788276
"[60, 1.5],30T,",0.2395272516750653
"[310, 1],30T,",0.23917489612508247
"[150, 0.5],5T,",0.2386116783580006
"[150, 1.5],15T,",0.23847167247523507
"[340, 1],25T,",0.2379464812023394
"[330, 1],30T,",0.23777850877557052
"[370, 1],20T,",0.23738447782917133
"[40, 1.5],30T,",0.23679626862061065
"[440, 1],5T,",0.23621592480038267
"[460, 1.5],10T,",0.23605585380788102
"[150, 1.5],30T,",0.2354654545215892
"[120, 1],5T,",0.2354361137193668
"[90, 0.5],5T,",0.23543561501827215
"[380, 1],25T,",0.23463346129630414
"[360, 1],25T,",0.23463160991526744
"[140, 1.5],25T,",0.2337859924378331
"[470, 1],15T,",0.23373426133663838
"[110, 1.5],10T,",0.23279798927963874
"[320, 1],30T,",0.23185580461047403
"[260, 1.5],5T,",0.2318013565051313
"[450, 1],20T,",0.23051967481732888
"[460, 1],20T,",0.23051967481732888
"[260, 1.5],15T,",0.22920282550484825
"[70, 1.5],30T,",0.22899097720165734
"[340, 1.5],10T,",0.22829921516034343
"[370, 1],25T,",0.22745154941137727
"[210, 1.5],15T,",0.22741479905821163
"[70, 0.5],5T,",0.2271520064497601
"[40, 1],25T,",0.22711189333383724
"[40, 1.5],10T,",0.22656026153527306
"[70, 1],5T,",0.22432682112788838
"[190, 1],5T,",0.22341494162195855
"[160, 1],5T,",0.22249061132179848
"[120, 1.5],10T,",0.2223019448324812
"[350, 1.5],10T,",0.22214920906415225
"[20, 2],10T,",0.22184591141879748
"[390, 0.5],5T,",0.22184137510999613
"[180, 1.5],10T,",0.22104809107670567
"[40, 1],20T,",0.22090789359850807
"[220, 1],25T,",0.21878237358884903
"[100, 1],10T,",0.21792652638406604
"[270, 1.5],5T,",0.21738107654623529
"[210, 1.5],20T,",0.216765284948933
"[210, 1],25T,",0.21632361527097443
"[80, 1],30T,",0.2160332474594914
"[270, 1],20T,",0.21565183705695903
"[310, 1.5],5T,",0.21485821701703978
"[300, 1.5],5T,",0.21485821701703978
"[220, 1.5],10T,",0.21416263308394362
"[150, 1.5],20T,",0.2134550164793097
"[50, 1],25T,",0.21124480143301497
"[220, 1],5T,",0.2109330769683188
"[340, 1],15T,",0.21053192399507428
"[380, 0.5],5T,",0.2098055942117493
"[360, 1.5],10T,",0.209458582411052
"[230, 1],25T,",0.208780885478851
"[470, 1.5],10T,",0.20841861895433114
"[480, 1.5],10T,",0.20739477616626897
"[320, 1.5],15T,",0.20738100950914054
"[100, 1.5],25T,",0.2073463611949918
"[270, 1],30T,",0.20711222517354222
"[280, 1],30T,",0.20711222517354222
"[260, 1],30T,",0.20711222517354222
"[350, 1],15T,",0.20574095557488417
"[370, 1],5T,",0.2048958486405433
"[390, 1.5],10T,",0.20466617404754384
"[90, 1],25T,",0.2035321264002861
"[140, 0.5],5T,",0.20322330586067805
"[270, 1.5],15T,",0.20319610656243137
"[360, 1],5T,",0.20179550274721497
"[190, 1.5],15T,",0.20143783415031086
"[110, 1.5],25T,",0.20142493455377602
"[350, 1],5T,",0.20122775626882045
"[150, 1.5],25T,",0.20094213152037355
"[170, 1.5],15T,",0.20004968815274587
"[160, 1.5],15T,",0.20004968815274587
"[330, 1],5T,",0.19996304646195323
"[80, 1.5],15T,",0.19960353913137727
"[180, 1.5],30T,",0.19925744244917262
"[390, 1],5T,",0.19909853645374523
"[90, 1.5],30T,",0.1979189574032899
"[310, 1.5],15T,",0.19718230899644734
"[400, 1],5T,",0.19689802140552098
"[130, 1.5],20T,",0.19677470592941085
"[120, 1.5],20T,",0.1963284155682142
"[160, 1.5],25T,",0.19628178501695862
"[240, 1],5T,",0.19619898073437478
"[350, 1],25T,",0.19598816890622386
"[410, 1],20T,",0.19586570120656804
"[320, 1.5],5T,",0.19469926764209755
"[320, 1.5],10T,",0.19467188528208965
"[40, 2.5],5T,",0.19363151387934882
"[170, 0.5],5T,",0.1935544377021435
"[20, 0.5],25T,",0.19334152917777228
"[450, 0.5],5T,",0.19329231654691056
"[190, 1.5],20T,",0.19294940531831686
"[480, 0.5],5T,",0.19277726463329628
"[320, 1],5T,",0.19276574638011434
"[160, 0.5],5T,",0.19232487943343388
"[180, 1],5T,",0.1921753523752607
"[130, 0.5],5T,",0.191452447838125
"[330, 1.5],15T,",0.1913114370766749
"[490, 1],10T,",0.19122948586402252
"[30, 0.5],20T,",0.19062954976071816
"[180, 1.5],15T,",0.19014885798827078
"[240, 0.5],5T,",0.19001626782854725
"[40, 1],30T,",0.18940559027550902
"[240, 1.5],15T,",0.18918350725698524
"[430, 1],20T,",0.18804896173027272
"[460, 0.5],5T,",0.18801198227245589
"[330, 1.5],10T,",0.1876322046826303
"[430, 1],25T,",0.18670462901395712
"[410, 1],25T,",0.18670462901395712
"[420, 1],25T,",0.18670462901395712
"[260, 1.5],20T,",0.18648017654192428
"[480, 1],10T,",0.18637821376264105
"[440, 1],25T,",0.1862890006055165
"[460, 0.5],30T,",0.18591641916347842
"[90, 1.5],20T,",0.1857000670980533
"[420, 0.5],30T,",0.18552787145399754
"[70, 1.5],25T,",0.18518523596770534
"[410, 0.5],30T,",0.18448538284622412
"[390, 1],25T,",0.18363888955124683
"[400, 1],25T,",0.18363888955124683
"[490, 1],20T,",0.1834311701724248
"[380, 1.5],10T,",0.18314581841432953
"[290, 1.5],5T,",0.1825984252697466
"[60, 0.5],10T,",0.1817369134850759
"[490, 0.5],5T,",0.18081887700642932
"[190, 1],30T,",0.18026772791188464
"[480, 1],20T,",0.18019795556260926
"[30, 2],5T,",0.17999821559714993
"[230, 0.5],5T,",0.17997269725277454
"[310, 1],5T,",0.17992615229239103
"[300, 1],30T,",0.17962556351557946
"[280, 1],20T,",0.1790790804629012
"[110, 1],25T,",0.17887863858695305
"[70, 1],15T,",0.17833077676700593
"[90, 1],5T,",0.17751090761181673
"[130, 1.5],30T,",0.1769944774799108
"[80, 1],5T,",0.1748341840155172
"[470, 0.5],30T,",0.17408139591913122
"[340, 1],5T,",0.17384368488386687
"[100, 1],25T,",0.17349463145112168
"[250, 1.5],15T,",0.17332611745973944
"[420, 1],20T,",0.17290069523480314
"[140, 1.5],30T,",0.1725305245133988
"[250, 1],5T,",0.17232252990205132
"[260, 1],20T,",0.17171553011947055
"[260, 1],5T,",0.17159493480947408
"[250, 1],20T,",0.1714683063960158
"[20, 1],25T,",0.17134964074939507
"[440, 1],20T,",0.17042651933428604
"[470, 0.5],5T,",0.16917299403892636
"[110, 1],10T,",0.16818327874280378
"[20, 1],15T,",0.16737089884265527
"[280, 1],5T,",0.16718382885114577
"[80, 1],10T,",0.16716040309290472
"[330, 1],15T,",0.16657496211693493
"[190, 0.5],5T,",0.16652341551736574
"[230, 1],10T,",0.16536905017369483
"[90, 1],10T,",0.1649568264416525
"[180, 1],15T,",0.16463117312640618
"[430, 0.5],30T,",0.16416685174280665
"[440, 0.5],30T,",0.16363262067054035
"[400, 1.5],10T,有爆仓",0.16350432084533106
"[450, 0.5],30T,",0.16313248945395062
"[50, 1],20T,",0.16188085668206026
"[170, 1.5],20T,",0.16134139113973692
"[180, 0.5],5T,",0.16093602894510578
"[140, 1.5],10T,",0.16067424611282866
"[450, 1],10T,",0.15927120868373265
"[370, 0.5],5T,",0.1586557723789888
"[370, 1],30T,",0.15698346237873204
"[360, 1],30T,",0.15698346237873204
"[380, 1],30T,",0.15663399709249587
"[470, 1],10T,",0.15590895836197086
"[80, 1.5],20T,",0.1546225017923016
"[350, 1],30T,",0.15437445712551745
"[340, 1],30T,",0.15437445712551745
"[360, 1],20T,",0.15392966086789062
"[90, 1],30T,",0.15309636229166115
"[60, 1],20T,",0.15301615121663145
"[180, 1.5],20T,",0.152898011600586
"[490, 0.5],25T,",0.15273240718049336
"[460, 1],10T,",0.15252509893831115
"[20, 2.5],10T,",0.15252447697711294
"[50, 0.5],10T,",0.15239076618533168
"[300, 1],5T,",0.15219971266009594
"[460, 1],15T,",0.1515627134081063
"[240, 1],10T,",0.15147943424913152
"[480, 0.5],25T,",0.15043316515418062
"[250, 0.5],5T,",0.14975417510786196
"[360, 0.5],5T,",0.14967696180579468
"[280, 1.5],5T,",0.14961347328490213
"[470, 1],20T,",0.14947824597673584
"[250, 1],10T,",0.14934137805625858
"[220, 1.5],15T,",0.14914940202216206
"[30, 1],10T,",0.1488444258177723
"[200, 1],30T,",0.14775014947312418
"[230, 1.5],15T,",0.14533547954076995
"[410, 0.5],5T,",0.14486355654776872
"[200, 0.5],5T,",0.14335527852136673
"[180, 1],30T,",0.14319113364463534
"[400, 0.5],5T,",0.1428696469403375
"[30, 0.5],25T,",0.14276500703363038
"[20, 0.5],20T,",0.14238306258238836
"[220, 0.5],5T,",0.14175415816803974
"[80, 0.5],5T,",0.1406781655360339
"[270, 1],5T,",0.1394659154296075
"[320, 1],15T,",0.13882811418037178
"[60, 0.5],5T,",0.13877849259976693
"[210, 0.5],5T,",0.1385757541798389
"[140, 1],20T,",0.13827075924118729
"[400, 0.5],30T,",0.13680731037872626
"[120, 0.5],10T,",0.13616009281239863
"[310, 1],20T,",0.13582568777741003
"[40, 0.5],15T,",0.13537181130110706
"[80, 1],15T,",0.13516963070277715
"[380, 1],5T,",0.1349283379428646
"[400, 1],15T,",0.13387451791466173
"[280, 1],25T,",0.13330421107310628
"[220, 1],10T,",0.13322805347548905
"[260, 0.5],5T,",0.13320164144847382
"[40, 1],15T,",0.13304608412538324
"[50, 1],10T,",0.13283770149018895
"[350, 0.5],5T,",0.13274812114590268
"[70, 0.5],10T,",0.13201038907219953
"[340, 0.5],5T,",0.12983209340241827
"[120, 1],20T,",0.12895384806333388
"[260, 1],25T,",0.1280131411741931
"[270, 1],25T,",0.1280131411741931
"[160, 1.5],10T,",0.1276344354175219
"[330, 1],20T,",0.12751628535080928
"[280, 0.5],5T,",0.12726210273502625
"[270, 0.5],5T,",0.12708692013263043
"[300, 0.5],5T,",0.12686536406167212
"[240, 1],25T,",0.12684530327460877
"[390, 1],15T,",0.12632891852597036
"[20, 2.5],5T,",0.1257811089797433
"[420, 1],15T,",0.12570644296058722
"[420, 0.5],5T,",0.12403270854085273
"[290, 1],5T,",0.12369350228065788
"[290, 0.5],5T,",0.12343290228543412
"[130, 1],20T,",0.12342873343554961
"[40, 1],10T,",0.12307015118353715
"[320, 1],20T,",0.12245494802613274
"[110, 0.5],30T,",0.12243839176200907
"[100, 1.5],15T,",0.12218420134272069
"[160, 1],15T,",0.12149636062539526
"[410, 1],15T,",0.12069585217289058
"[290, 1],30T,",0.1200410512246709
"[440, 0.5],5T,",0.11997780315480575
"[350, 0.5],30T,",0.11917844470271993
"[120, 1],10T,",0.11850244115311055
"[140, 1],10T,",0.1183731992027616
"[290, 1],25T,",0.11801050389937838
"[110, 1.5],15T,",0.11691780796592675
"[430, 0.5],5T,",0.11679987437508456
"[130, 0.5],25T,",0.11657240253504073
"[230, 0.5],10T,",0.1153920644969031
"[50, 0.5],15T,",0.11495429974594086
"[170, 1],15T,",0.11485705706023971
"[350, 1],20T,",0.11480961022441492
"[340, 1],20T,",0.11480961022441492
"[120, 1.5],15T,",0.1145618370146185
"[170, 1.5],10T,",0.11393429014213823
"[470, 0.5],25T,",0.11389035895022352
"[390, 0.5],30T,",0.11351858506502298
"[60, 1],15T,",0.11347447599898854
"[450, 1],15T,",0.1130442044296686
"[440, 1],15T,",0.1130442044296686
"[130, 1],10T,",0.11293424106363477
"[250, 0.5],10T,",0.11261443125319977
"[460, 0.5],25T,",0.11246558040172966
"[110, 0.5],25T,",0.11179896661373924
"[80, 0.5],10T,",0.11150656219203169
"[240, 1],30T,",0.1112772433819835
"[430, 1],15T,",0.10907169168929148
"[360, 1],15T,",0.10862054767313577
"[50, 1],30T,",0.1085833416999303
"[370, 1],15T,",0.10789523534766815
"[270, 0.5],10T,",0.10770761578448523
"[100, 0.5],30T,",0.10769392722878458
"[270, 1],10T,",0.10706190133347136
"[230, 1],30T,",0.1068604611351756
"[240, 0.5],10T,",0.10679281968608847
"[170, 1],10T,",0.10629850873921967
"[150, 1.5],10T,",0.10553921305598814
"[260, 0.5],10T,",0.10478887515664863
"[200, 1],10T,",0.10463748582421535
"[330, 0.5],5T,",0.10443839873739127
"[260, 1],10T,",0.104313169663728
"[310, 0.5],5T,",0.10390492113981187
"[170, 0.5],15T,",0.10342537319040107
"[210, 1],10T,",0.10268224580246238
"[80, 1],20T,",0.1024247737697223
"[290, 1],20T,",0.1019552212676934
"[250, 1],30T,",0.10018891926175479
"[200, 0.5],10T,",0.10018151708076906
"[60, 1],10T,",0.10016538192959358
"[30, 1],15T,",0.09971731489800711
"[60, 1],30T,",0.09930640514386195
"[370, 0.5],30T,",0.09913837456050051
"[40, 0.5],25T,",0.09903549445503083
"[160, 1],10T,",0.09863113903656615
"[160, 0.5],20T,",0.09852308720644495
"[360, 0.5],30T,",0.09748995776038484
"[340, 1],10T,",0.09735065833630784
"[180, 1],10T,",0.09712565847981444
"[380, 0.5],30T,",0.09709166894321009
"[170, 0.5],20T,",0.09650919155981368
"[140, 0.5],10T,",0.09608456545367383
"[120, 0.5],25T,",0.0957322326197769
"[150, 1],15T,",0.0952501506332312
"[90, 0.5],10T,",0.0951001006767546
"[280, 0.5],10T,",0.09496486219042648
"[100, 1],30T,",0.09490985455694899
"[40, 0.5],20T,",0.09463926426846912
"[60, 1],25T,",0.0944959266392541
"[440, 1],10T,",0.09446979646104943
"[380, 1],10T,",0.09419152884330872
"[70, 1],20T,",0.09352693102370263
"[450, 0.5],25T,",0.09332055078327303
"[110, 1],20T,",0.0929439715288486
"[410, 0.5],25T,",0.09244176708545843
"[380, 1],15T,",0.09237703887879607
"[70, 1],30T,",0.09083956057874629
"[90, 1],15T,",0.0906653893994262
"[50, 1],5T,",0.09014781301982551
"[480, 0.5],20T,",0.09002198488110577
"[290, 0.5],30T,",0.08928237736277063
"[100, 0.5],10T,",0.08910687406630599
"[210, 1],30T,",0.08712015648680252
"[100, 1],15T,",0.08581516444074014
"[300, 1],20T,",0.08576913861740265
"[160, 1],25T,",0.0857472351416355
"[130, 0.5],10T,",0.08447379114993067
"[140, 0.5],20T,",0.0836684281337534
"[240, 1],20T,",0.08364284474035
"[90, 1],20T,",0.08357077411453673
"[290, 1],10T,",0.08322611913174228
"[100, 1],20T,",0.08318125072897982
"[280, 1],10T,",0.0828852690834696
"[40, 0.5],10T,",0.08250571591807983
"[200, 1],25T,",0.08245592962208663
"[310, 1],15T,",0.08231018273172151
"[80, 0.5],15T,",0.08213886724769177
"[50, 0.5],25T,",0.08184603707477561
"[370, 1],10T,",0.08163796019423329
"[250, 1],25T,",0.08146377522987962
"[290, 0.5],10T,",0.0814585894476975
"[360, 1],10T,",0.08108046586438006
"[400, 0.5],25T,",0.08104715453391338
"[320, 0.5],5T,",0.0805976768116291
"[330, 1],10T,",0.0804972590034051
"[420, 0.5],25T,",0.08014385088420492
"[190, 1],10T,",0.07994026640027481
"[440, 0.5],25T,",0.07981642844700422
"[120, 1],25T,",0.07974377469562988
"[140, 0.5],25T,",0.07968611093726864
"[40, 0.5],30T,",0.07927848815631851
"[310, 1],10T,",0.0790105765334161
"[50, 0.5],30T,",0.0788056237060815
"[130, 1],15T,",0.07850001065986227
"[60, 0.5],30T,",0.07834628786114203
"[320, 1],10T,",0.07826959114507327
"[90, 0.5],30T,",0.07801112665323781
"[490, 0.5],20T,",0.07798628510742872
"[300, 0.5],10T,",0.07709632465724588
"[80, 1],25T,",0.07678700724044084
"[80, 0.5],30T,",0.07558921012433482
"[310, 0.5],10T,",0.07554200578053938
"[190, 0.5],15T,",0.07533484580887309
"[340, 0.5],25T,",0.07486217614340966
"[260, 1],15T,",0.07472824205702193
"[320, 0.5],10T,",0.07413674003397444
"[220, 1],15T,",0.0739793398163182
"[60, 0.5],20T,",0.07396608602807928
"[20, 0.5],15T,",0.07358188195611452
"[180, 0.5],15T,",0.07356560369252413
"[150, 0.5],20T,",0.07340324877481955
"[60, 0.5],15T,",0.0731956333502521
"[120, 0.5],30T,",0.07316904327830556
"[120, 1],15T,",0.07313879423220795
"[130, 0.5],20T,",0.07312003121804234
"[50, 0.5],20T,",0.07279761900614624
"[300, 1],10T,",0.07262647404952775
"[410, 0.5],20T,",0.07248020967645324
"[50, 0.5],5T,",0.07227672142884863
"[150, 1],25T,",0.0715651374123529
"[310, 0.5],30T,",0.07135093818875729
"[230, 1],15T,",0.07097410241884101
"[300, 0.5],30T,",0.06997284077268175
"[210, 0.5],10T,",0.06979395217226946
"[170, 1],20T,",0.06926739688683178
"[110, 0.5],20T,",0.06884033877755523
"[30, 0.5],10T,",0.06882104600470906
"[320, 0.5],30T,",0.06845317594225701
"[140, 1],25T,",0.06841961606847381
"[30, 0.5],15T,",0.06822474114797432
"[160, 0.5],25T,",0.06773565699998171
"[430, 0.5],25T,",0.06760522333676272
"[340, 0.5],10T,",0.0673324192099185
"[220, 1],30T,",0.06709990793810541
"[110, 1],15T,",0.06673720605834182
"[280, 0.5],30T,",0.06653855848453859
"[180, 1],20T,",0.066454378013962
"[210, 0.5],15T,",0.066380028540409
"[220, 0.5],15T,",0.06554934493122148
"[150, 1],10T,",0.0655360162410329
"[130, 1],25T,",0.0653781050572605
"[330, 0.5],30T,",0.06526400964366315
"[70, 1],25T,",0.06495049689184816
"[360, 0.5],10T,",0.06464594812804281
"[370, 0.5],10T,",0.06464594812804281
"[200, 1],15T,",0.06435092395347797
"[350, 1],10T,",0.06392678769071315
"[110, 0.5],10T,",0.06377891541110753
"[190, 0.5],10T,",0.0632756943000704
"[90, 0.5],15T,",0.06299786977321431
"[440, 0.5],20T,",0.061986966436401475
"[430, 1],10T,",0.061657296479100385
"[450, 0.5],20T,",0.061401669977097735
"[60, 0.5],25T,",0.06103717859518591
"[170, 1],30T,",0.060820521722214284
"[420, 0.5],20T,",0.06080999259918678
"[430, 0.5],20T,",0.06080999259918678
"[200, 0.5],20T,",0.06045590327936703
"[200, 1],20T,",0.06027632381497642
"[130, 1],30T,",0.060238889557131824
"[250, 1],15T,",0.060193352301409035
"[20, 1.5],10T,",0.059471323950652015
"[460, 0.5],20T,",0.05946961318949909
"[190, 1],15T,",0.05922770427753873
"[140, 0.5],30T,",0.05914740391799191
"[140, 1],15T,",0.05913286543333724
"[360, 0.5],25T,",0.059033409621115814
"[270, 0.5],30T,",0.05898544735582975
"[260, 0.5],30T,",0.05898544735582975
"[70, 0.5],30T,",0.05878440574375902
"[140, 0.5],15T,",0.05875519094251252
"[130, 0.5],30T,",0.0582582001732278
"[400, 0.5],20T,",0.058047957905385444
"[350, 0.5],25T,",0.05787712122740086
"[240, 0.5],15T,",0.05780623748745289
"[480, 0.5],15T,",0.05762232028702826
"[160, 1],20T,",0.057618739034896664
"[250, 0.5],15T,",0.05729106686176925
"[40, 1],5T,",0.05720725548392947
"[390, 0.5],20T,",0.057147873394376644
"[380, 0.5],20T,",0.057147873394376644
"[150, 1],20T,",0.05711946373821694
"[120, 1],30T,",0.05686164774592323
"[370, 0.5],25T,",0.056656820773838185
"[30, 1.5],5T,",0.05662042089639164
"[330, 0.5],25T,",0.056583945571241974
"[220, 0.5],10T,",0.05642495372297374
"[210, 1],15T,",0.05615371610387092
"[320, 0.5],25T,",0.0557065618558069
"[110, 1],30T,",0.05556933695296898
"[20, 2],5T,",0.05467401564846376
"[490, 0.5],15T,",0.05458145161067335
"[180, 0.5],10T,",0.05443604392242696
"[380, 0.5],25T,",0.05434560668060068
"[420, 0.5],10T,",0.053617009726331676
"[40, 1.5],5T,",0.052755537158557804
"[350, 0.5],10T,",0.05272602527944427
"[150, 0.5],10T,",0.052321225808899384
"[300, 1],15T,",0.052054080083784385
"[390, 1],10T,",0.05189702265323536
"[170, 1],25T,",0.051776196843669325
"[70, 0.5],15T,",0.051428005148531325
"[340, 0.5],30T,",0.051147342997025495
"[70, 0.5],20T,",0.0509217068501537
"[90, 0.5],25T,",0.050877905787826874
"[190, 1],25T,",0.04976283551708414
"[260, 0.5],15T,",0.0497585379014275
"[180, 0.5],20T,",0.04957898541072556
"[100, 0.5],15T,",0.049474592973050666
"[310, 0.5],25T,",0.04937303361447488
"[150, 0.5],25T,",0.04871676956271022
"[190, 0.5],20T,",0.04863023777942841
"[210, 1],20T,",0.0486073876796543
"[180, 1],25T,",0.04804358525314321
"[270, 1],15T,",0.046634594740780085
"[160, 0.5],15T,",0.04641305729306743
"[140, 1],30T,",0.0461443732133929
"[160, 0.5],10T,",0.04582236376739513
"[240, 1],15T,",0.04558078765672512
"[400, 0.5],10T,",0.04542848065727972
"[200, 0.5],15T,",0.04505552335605225
"[470, 0.5],20T,",0.04498611285496043
"[330, 0.5],20T,",0.04476072681659888
"[160, 0.5],30T,",0.04366384015855661
"[120, 0.5],20T,",0.04357466419034266
"[320, 0.5],20T,",0.04336615888124912
"[380, 0.5],10T,",0.04303616045273537
"[390, 0.5],25T,",0.04287270856982451
"[330, 0.5],10T,",0.04250783576892227
"[420, 1],10T,",0.04249858098366515
"[270, 0.5],25T,",0.04236933876381099
"[370, 0.5],20T,",0.04219044503776832
"[360, 0.5],20T,",0.04219044503776832
"[390, 0.5],10T,",0.04216138709141759
"[80, 0.5],20T,",0.042025745377931634
"[190, 1],20T,",0.04179620623370972
"[150, 1],30T,",0.04170213513084445
"[300, 0.5],25T,",0.04112637088000085
"[170, 0.5],10T,",0.041085879665879406
"[400, 1],10T,",0.04081809699220714
"[220, 0.5],30T,",0.04070588825883515
"[220, 1],20T,",0.04069568908103319
"[160, 1],30T,",0.04055331812934181
"[210, 0.5],30T,",0.04039842673501573
"[460, 0.5],15T,",0.040180375667420935
"[470, 0.5],15T,",0.040180375667420935
"[90, 0.5],20T,",0.04006282516977195
"[240, 0.5],30T,",0.040028402104356986
"[200, 0.5],30T,",0.03991298801581424
"[150, 0.5],15T,",0.039900790160011426
"[100, 0.5],25T,",0.039724258652697644
"[410, 0.5],10T,",0.03966934474727348
"[280, 1],15T,",0.03956167174502659
"[290, 0.5],15T,",0.03940453112757373
"[70, 0.5],25T,",0.0380228498901422
"[410, 1],10T,",0.03791411648447004
"[150, 0.5],30T,",0.037872884598354375
"[230, 0.5],30T,",0.0376596965617883
"[260, 0.5],25T,",0.03763157364044431
"[280, 0.5],20T,",0.0367103752174797
"[250, 0.5],30T,",0.0365209729833985
"[230, 0.5],15T,",0.03645931596269734
"[290, 0.5],20T,",0.03514548903172609
"[290, 1],15T,",0.03512165385850174
"[130, 0.5],15T,",0.0349653235615765
"[220, 0.5],20T,",0.0349553915949351
"[250, 0.5],25T,",0.034793658414980985
"[230, 0.5],20T,",0.03460514652284442
"[230, 1],20T,",0.034587071558256584
"[360, 0.5],15T,",0.03453827016057425
"[170, 0.5],25T,",0.03443591771704699
"[240, 0.5],25T,",0.03409674053694687
"[280, 0.5],25T,",0.03397088292210263
"[170, 0.5],30T,",0.03385614633445725
"[300, 0.5],20T,",0.03369062831891227
"[350, 0.5],20T,",0.03350130190407807
"[370, 0.5],15T,",0.033461190007218526
"[280, 0.5],15T,",0.033160779139360046
"[80, 0.5],25T,",0.03303825205779999
"[380, 0.5],15T,",0.03289322985983137
"[110, 0.5],15T,",0.03279435094942672
"[180, 0.5],30T,",0.03276943110158112
"[210, 0.5],20T,",0.032643095982024056
"[430, 0.5],10T,",0.03260446191984242
"[310, 0.5],20T,",0.03244389752355206
"[420, 0.5],15T,",0.03228292785170773
"[450, 0.5],15T,",0.03214052378887223
"[100, 0.5],20T,",0.03206412546168899
"[440, 0.5],10T,",0.03172659199025449
"[450, 0.5],10T,",0.031640699431385595
"[410, 0.5],15T,",0.031366919082990746
"[390, 0.5],15T,",0.031012224919143405
"[270, 0.5],15T,",0.03084958803817155
"[400, 0.5],15T,",0.03018189739426062
"[40, 0.5],5T,",0.029929771690951346
"[200, 0.5],25T,",0.02956511183812189
"[190, 0.5],25T,",0.02956511183812189
"[430, 0.5],15T,",0.02855694684265243
"[190, 0.5],30T,",0.028283390045202826
"[210, 0.5],25T,",0.02784250415429317
"[240, 0.5],20T,",0.027788582028602786
"[180, 0.5],25T,",0.0275625517663074
"[340, 0.5],20T,",0.02756062935658411
"[20, 1.5],5T,",0.02747611366613627
"[300, 0.5],15T,",0.02690720586495329
"[310, 0.5],15T,",0.026175335809975008
"[440, 0.5],15T,",0.026068897036854777
"[480, 0.5],10T,",0.024500415534928266
"[470, 0.5],10T,",0.024451438855099424
"[460, 0.5],10T,",0.024451438855099424
"[250, 0.5],20T,",0.024387391552334766
"[260, 0.5],20T,",0.02416008137909855
"[220, 0.5],25T,",0.024044122006135475
"[290, 0.5],25T,",0.023906515107879632
"[490, 0.5],10T,",0.02381875673374737
"[320, 0.5],15T,",0.022971599009789567
"[330, 0.5],15T,",0.022746584900181496
"[270, 0.5],20T,",0.022580027065889186
"[30, 1],5T,",0.022523593449025242
"[230, 0.5],25T,",0.022177376293576842
"[340, 0.5],15T,",0.021882553470571855
"[120, 0.5],15T,",0.021496717958873084
"[30, 0.5],5T,",0.021486018825833106
"[350, 0.5],15T,",0.01831652693709854
"[20, 0.5],10T,",0.01747976118625158
"[20, 1],10T,",0.016049577323346814
"[20, 1],5T,",0.006877223186855683
"[20, 0.5],5T,",0.0023309665218194256
